Workbook

Sheet Sheet1
A1: 编号 | B1: 数据来源 | C1: 频率 | D1: Link | E1: 数据类型
A2: 1 | B2: 民航局 | C2: 每月 | D2: http://www.caac.gov.cn/XWZX/XWFBH/ | E2: 旅客运输量 | F2: CAAC Data | G2: 信息公开-统计数据 每月20号之后
A3: 2 | B3: 四大行 | C3: 每月 | D3: http://www.cninfo.com.cn/new/index | E3: 载运客人次 | F3: Top4 3 tabs
A4: 3 | B4: 出入境管理局 | C4: 每季度 | D4: https://www.nia.gov.cn/n741440/n741567/index.html | E4: 大陆居民出入境 空港出入境
A10: 每月16号左右更新
A11: 600029 | B11: 南方航空 | C11: CSA
A12: 600115 | B12: 中国东航 | C12: CEA
A13: 601111 | B13: 中国国航 | C13: AC

Sheet Summary
AZ2: vs. 2019 | BQ2: 2023 vs. 2019 | DD2: 2026
A3: (YoY Growth) | B3: 16 Q1 | C3: 16 Q2 | D3: 16 Q3 | E3: 16 Q4 | G3: 17 Q1 | H3: 17Q2 | I3: 17Q3 | J3: 17Q4 | L3: 18 Q1 | M3: 18Q2 | N3: 18Q3 | O3: 18Q4 | P3: Dec | Q3: FY18 | R3: 19Q1 | S3: 19Q2 | T3: 19Q3 | U3: 19Q4 | V3: FY19 | W3: Jan | X3: Feb | Y3: Mar | Z3: Apr | AA3: May | AB3: June | AC3: July | AD3: August | AE3: September | AF3: October | AG3: November | AH3: December | AI3: 20Q1 | AJ3: 20Q2 | AK3: 20Q3 | AL3: 20Q4 | AM3: FY20 | AN3: January | AO3: February | AP3: March | AQ3: April | AR3: May | AS3: June | AT3: July | AU3: August | AV3: September | AW3: October | AX3: November | AY3: December | AZ3: 21Q1 | BA3: 21Q2 | BB3: 21Q3 | BC3: 21Q4 | BD3: FY21 | BE3: Jan | BF3: Feb | BG3: Mar | BH3: Apr | BI3: May | BJ3: Jun | BK3: Jul | BL3: Aug | BM3: Sep | BN3: Oct | BO3: Nov | BP3: Dec | BQ3: 22Q1 | BR3: 22Q2 | BS3: 22Q3 | BT3: 22Q4 | BU3: FY2022 | BV3: Jan | BW3: Feb | BX3: Mar | BY3: Apr | BZ3: May | CA3: Jun | CB3: Jul | CC3: Aug | CD3: Sep | CE3: Oct | CF3: Nov | CG3: Dec | CH3: 23Q1 | CI3: 23Q2 | CJ3: 23Q3 | CK3: 23Q4 | CL3: FY2023 | CM3: Jan | CN3: Feb | CO3: Mar | CP3: April | CQ3: May | CR3: June | CS3: July | CT3: August | CU3: September | CV3: October | CW3: November | CX3: December | CY3: 24Q1 | CZ3: 24Q2 | DA3: 24Q3 | DB3: 24Q4 | DC3: FY2024 | DD3: Jan | DE3: Feb | DF3: Mar | DG3: Apr | DH3: May | DI3: Jun | DJ3: Jul | DK3: Aug | DL3: Sep | DM3: Oct | DN3: Nov | DO3: Dec
A4: Air Industry | B4: 0.10750932 | C4: 0.1114922 | D4: 0.12015316 | E4: 0.13852476 | G4: ='CAAC Data'!O216 -> 0 | H4: ='CAAC Data'!P216 -> 0 | I4: ='CAAC Data'!Q216 -> 0 | J4: ='CAAC Data'!R216 -> 0 | L4: ='CAAC Data'!O191 -> 8196 | M4: ='CAAC Data'!P191 -> 323 | N4: ='CAAC Data'!Q191 -> 523 | O4: ='CAAC Data'!R191 -> 514 | P4: ='CAAC Data'!M191 -> 163 | Q4: ='CAAC Data'!N191 -> 9556 | R4: 0.098 | S4: 0.072 | T4: ='CAAC Data'!Q166 -> -0.98001017 | U4: ='CAAC Data'!R166 -> -0.98210377 | V4: ='CAAC Data'!N166 -> -0.98008569 | W4: ='CAAC Data'!B166 -> -0.97662551 | X4: ='CAAC Data'!C166 -> -0.98476477 | Y4: ='CAAC Data'!D166 -> -0.97717499 | Z4: ='CAAC Data'!E166 -> -0.97763158 | AA4: ='CAAC Data'!F166 -> -0.9784447 | AB4: ='CAAC Data'!G166 -> -0.98010196 | AC4: ='CAAC Data'!H166 -> -0.97996965 | AD4: ='CAAC Data'!I166 -> -0.98031665 | ... AH4: ='CAAC Data'!M166 -> -0.98181531 | AI4: ='CAAC Data'!O140 -> -0.94858273 | AJ4: ='CAAC Data'!P140 -> -0.99300254 | AK4: ='CAAC Data'!Q140 -> -0.96613256 | AL4: ='CAAC Data'!R140 -> -0.90744186 | AM4: ='CAAC Data'!N140 -> -0.95755824 | AN4: ='CAAC Data'!B140 -> -0.93574297 | AO4: ='CAAC Data'!C140 -> -0.9320197 | AP4: ='CAAC Data'!D140 -> -0.97751711 | AQ4: ='CAAC Data'!E140 -> -0.99427481 | AR4: ='CAAC Data'!F140 -> -0.99434496 | AS4: ='CAAC Data'!G140 -> -0.99033816 | AT4: ='CAAC Data'!H140 -> -0.98094374 | AU4: ='CAAC Data'!I140 -> -0.96794872 | ... AY4: ='CAAC Data'!M140 -> -0.86781609 | AZ4: ='CAAC Data'!O110 -> 0 | BA4: ='CAAC Data'!P110 -> 0 | BB4: ='CAAC Data'!Q110 -> 0 | BC4: ='CAAC Data'!R110 -> 0 | BD4: ='CAAC Data'!N110 -> 0 | BE4: ='CAAC Data'!B110 -> 0 | BF4: ='CAAC Data'!C110 -> 0 | BG4: ='CAAC Data'!D110 -> 0 | BH4: ='CAAC Data'!E110 -> 0 | BI4: ='CAAC Data'!F110 -> 0 | BJ4: ='CAAC Data'!G110 -> 0 | BK4: ='CAAC Data'!H110 -> 0 | BL4: ='CAAC Data'!I110 -> 0 | ... BP4: ='CAAC Data'!M110 -> 0 | BQ4: ='CAAC Data'!O79 -> 0 | BR4: ='CAAC Data'!P79 -> 0 | BS4: ='CAAC Data'!Q79 -> 0 | BT4: ='CAAC Data'!R79 -> 0 | BU4: ='CAAC Data'!N79 -> 0 | BV4: ='CAAC Data'!B79 -> 0 | BW4: ='CAAC Data'!C79 -> 0 | BX4: ='CAAC Data'!D79 -> 0 | BY4: ='CAAC Data'!E79 -> 0 | BZ4: ='CAAC Data'!F79 -> 0 | CA4: ='CAAC Data'!G79 -> 0 | CB4: ='CAAC Data'!H79 -> 0 | CC4: ='CAAC Data'!I79 -> 0 | ... CG4: ='CAAC Data'!M79 -> 0 | CH4: ='CAAC Data'!O47 -> 0.045926827 | CI4: ='CAAC Data'!P47 -> 0.056233509 | CJ4: ='CAAC Data'!Q47 -> 0.068972533 | CK4: ='CAAC Data'!R47 -> 0.12374124 | CL4: ='CAAC Data'!N47 -> 0.073715271 | CM4: ='CAAC Data'!B47 -> 0.1362963 | CN4: ='CAAC Data'!C47 -> -0.006027122 | CO4: ='CAAC Data'!D47 -> 0.0064505458 | CP4: ='CAAC Data'!E47 -> 0.054934211 | CQ4: ='CAAC Data'!F47 -> 0.062676173 | CR4: ='CAAC Data'!G47 -> 0.051142904 | CS4: ='CAAC Data'!H47 -> 0.076327769 | CT4: ='CAAC Data'!I47 -> 0.064755384 | ... CX4: ='CAAC Data'!M47 -> 0.080961417 | CY4: ='CAAC Data'!#REF! -> #REF! | CZ4: ='CAAC Data'!#REF! -> #REF! | DA4: ='CAAC Data'!#REF! -> #REF! | DB4: ='CAAC Data'!#REF! -> #REF! | DD4: ='CAAC Data'!B4 -> -0.02933925 | DE4: ='CAAC Data'!C4 -> 0.11034348 | DF4: ='CAAC Data'!D4 -> 0.12088282 | DG4: ='CAAC Data'!E4 -> 0.0044149023 | DH4: ='CAAC Data'!F4 -> -0.071382576 | DI4: ='CAAC Data'!G4 -> -0.064506117 | DJ4: ='CAAC Data'!H4 -> 0.039111668 | DK4: ='CAAC Data'!#REF! -> #REF! | DL4: ='CAAC Data'!#REF! -> #REF! | DM4: ='CAAC Data'!#REF! -> #REF! | DN4: ='CAAC Data'!#REF! -> #REF! | DO4: ='CAAC Data'!#REF! -> #REF!
A5: Air Industry Domestic | B5: 0.087711662 | C5: 0.10188276 | D5: 0.10975386 | E5: 0.15565676 | G5: ='CAAC Data'!O220 -> 0 | H5: ='CAAC Data'!P220 -> 0 | I5: ='CAAC Data'!Q220 -> 0 | J5: ='CAAC Data'!R220 -> 0 | L5: ='CAAC Data'!O195 -> 779 | M5: ='CAAC Data'!P195 -> 29 | N5: ='CAAC Data'!Q195 -> 64 | O5: ='CAAC Data'!R195 -> 89 | P5: ='CAAC Data'!M195 -> 32 | Q5: ='CAAC Data'!N195 -> 961 | R5: 0.089 | S5: ='CAAC Data'!P170 -> 6.2758621 | T5: ='CAAC Data'!Q170 -> 1.4375 | U5: ='CAAC Data'!R170 -> 0.29213483 | V5: ='CAAC Data'!N170 -> -0.38501561 | W5: ='CAAC Data'!B170 -> -0.94674556 | X5: ='CAAC Data'!C170 -> -0.63513514 | Y5: 0.027 | Z5: ='CAAC Data'!E170 -> 7.5 | AA5: ='CAAC Data'!F170 -> 8 | AB5: ='CAAC Data'!G170 -> 4.6428571 | AC5: ='CAAC Data'!H170 -> 3.05 | AD5: ='CAAC Data'!I170 -> 0.65 | AE5: ='CAAC Data'!J170 -> 0.75 | AF5: ='CAAC Data'!K170 -> -0.032258065 | AG5: ='CAAC Data'!L170 -> 0.30769231 | AH5: ='CAAC Data'!M170 -> 0.59375 | AI5: ='CAAC Data'!O144 -> 101952 | AJ5: ='CAAC Data'!P144 -> 143412 | AK5: ='CAAC Data'!Q144 -> 107641 | AL5: ='CAAC Data'!R144 -> 87479 | AM5: ='CAAC Data'!N144 -> 440484 | AN5: ='CAAC Data'!B144 -> 30181 | AO5: ='CAAC Data'!C144 -> 23949 | AP5: ='CAAC Data'!D144 -> 47822 | AQ5: ='CAAC Data'!E144 -> 51094 | AR5: ='CAAC Data'!F144 -> 51041 | AS5: ='CAAC Data'!G144 -> 41277 | AT5: ='CAAC Data'!H144 -> 49117 | AU5: ='CAAC Data'!I144 -> 22407 | ... AY5: ='CAAC Data'!M144 -> 27095 | AZ5: ='CAAC Data'!O115 -> -0.52609445 | BA5: ='CAAC Data'!P115 -> -0.73947007 | BB5: ='CAAC Data'!Q115 -> -0.50711955 | BC5: ='CAAC Data'!R115 -> -0.71001843 | BD5: ='CAAC Data'!N115 -> -0.61854955 | BE5: ='CAAC Data'!B115 -> -0.44745661 | BF5: ='CAAC Data'!C115 -> -0.41860811 | BG5: ='CAAC Data'!D115 -> -0.71273176 | BH5: ='CAAC Data'!E115 -> -0.85165104 | BI5: ='CAAC Data'!F115 -> -0.77851364 | BJ5: ='CAAC Data'!G115 -> -0.5880668 | BK5: ='CAAC Data'!H115 -> -0.4267213 | BL5: ='CAAC Data'!I115 -> -0.47250073 | ... BP5: ='CAAC Data'!M115 -> -0.64529947 | BQ5: ='CAAC Data'!O84 -> 0 | BR5: ='CAAC Data'!P84 -> 0 | BS5: ='CAAC Data'!Q84 -> 0 | BT5: ='CAAC Data'!R84 -> 0 | BU5: ='CAAC Data'!N84 -> 0 | BV5: ='CAAC Data'!B84 -> 1.1254141 | BW5: ='CAAC Data'!C84 -> 0.086109365 | BX5: ='CAAC Data'!D84 -> 0.057962963 | BY5: ='CAAC Data'!E84 -> 0.10001313 | BZ5: ='CAAC Data'!F84 -> 0.028304326 | CA5: ='CAAC Data'!G84 -> 0.027428527 | CB5: ='CAAC Data'!H84 -> 0.17531441 | CC5: ='CAAC Data'!I84 -> 0.024604344 | ... CG5: ='CAAC Data'!M84 -> 0.032679472 | CH5: ='CAAC Data'!O52 -> 0 | CI5: ='CAAC Data'!P52 -> 0 | CJ5: ='CAAC Data'!Q52 -> 0 | CK5: ='CAAC Data'!R52 -> 0 | CL5: ='CAAC Data'!N52 -> 0 | CM5: ='CAAC Data'!B52 -> 0 | CN5: ='CAAC Data'!C52 -> 0 | CO5: ='CAAC Data'!D52 -> 0 | CP5: ='CAAC Data'!E52 -> 0 | CQ5: ='CAAC Data'!F52 -> 0 | CR5: ='CAAC Data'!G52 -> 0 | CS5: ='CAAC Data'!H52 -> 0 | CT5: ='CAAC Data'!I52 -> 0 | ... CX5: ='CAAC Data'!M52 -> 0 | CY5: ='CAAC Data'!#REF! -> #REF! | CZ5: ='CAAC Data'!#REF! -> #REF! | DD5: ='CAAC Data'!B8 -> -0.045712414 | DE5: ='CAAC Data'!C8 -> 0.10351801 | DF5: ='CAAC Data'!D8 -> 0.11486692 | DG5: ='CAAC Data'!E8 -> -0.0023648145 | DH5: ='CAAC Data'!F8 -> -0.080633447 | DI5: ='CAAC Data'!G8 -> -0.0705292 | DJ5: ='CAAC Data'!H8 -> 0.040899059 | DK5: ='CAAC Data'!#REF! -> #REF! | DL5: ='CAAC Data'!#REF! -> #REF! | DM5: ='CAAC Data'!#REF! -> #REF! | DN5: ='CAAC Data'!#REF! -> #REF! | DO5: ='CAAC Data'!#REF! -> #REF! | DP5: vs 2025
A6: Air Industry International (含港澳台） | BQ6: ='CAAC Data'!O94 -> 0 | BR6: ='CAAC Data'!P94 -> 0 | BS6: ='CAAC Data'!Q94 -> 0 | BT6: ='CAAC Data'!R94 -> 0 | BU6: ='CAAC Data'!R94 -> 0 | CE6: ='CAAC Data'!K94 -> 0.049954225 | CF6: ='CAAC Data'!L94 -> -0.13124574 | CG6: ='CAAC Data'!M94 -> 0.016844126 | CH6: ='CAAC Data'!O62 -> 0 | CI6: ='CAAC Data'!P62 -> 0 | CJ6: ='CAAC Data'!Q62 -> 0 | CK6: ='CAAC Data'!R62 -> 0 | CL6: ='CAAC Data'!N62 -> 0 | CM6: ='CAAC Data'!B62 -> 0 | CN6: ='CAAC Data'!C62 -> 0 | CO6: ='CAAC Data'!D62 -> 0 | CP6: ='CAAC Data'!E62 -> 0 | CQ6: ='CAAC Data'!F62 -> 0 | CR6: ='CAAC Data'!G62 -> 0 | CS6: ='CAAC Data'!H62 -> 0 | CT6: ='CAAC Data'!I62 -> 0 | ... CX6: ='CAAC Data'!M62 -> 0 | CY6: ='CAAC Data'!O32 -> 0 | CZ6: ='CAAC Data'!P32 -> 0 | DD6: ='CAAC Data'!B15 -> -0.0086832556 | DE6: ='CAAC Data'!C15 -> 0.16704391 | DF6: ='CAAC Data'!D15 -> 0.16710488 | DG6: ='CAAC Data'!E15 -> 0.054802104 | DH6: ='CAAC Data'!F15 -> 0.00083114005 | DI6: ='CAAC Data'!G15 -> -0.019548038 | DJ6: ='CAAC Data'!H15 -> 0.024583964 | DK6: ='CAAC Data'!#REF! -> #REF! | DL6: ='CAAC Data'!#REF! -> #REF! | DM6: ='CAAC Data'!#REF! -> #REF! | DN6: ='CAAC Data'!#REF! -> #REF! | DO6: ='CAAC Data'!#REF! -> #REF! | DP6: vs 2025
A7: Air Industry Regional (港澳台） | B7: 0.05108055 | C7: -0.025937749 | D7: -0.073217726 | E7: -0.09194499 | F7: ='CAAC Data'!N236 -> 0 | G7: ='CAAC Data'!O236 -> 0.022112657 | H7: ='CAAC Data'!P236 -> 0.029057189 | I7: ='CAAC Data'!Q236 -> 0.069778326 | J7: ='CAAC Data'!R236 -> -0.038651436 | K7: ='CAAC Data'!S236 -> 0 | L7: ='CAAC Data'!O211 -> 0.030410506 | M7: ='CAAC Data'!P211 -> 0.0014020428 | N7: ='CAAC Data'!Q211 -> 0.089486101 | O7: ='CAAC Data'!R211 -> -0.07135422 | P7: ='CAAC Data'!M211 -> -0.015226704 | Q7: ='CAAC Data'!N211 -> 0 | R7: 0.138 | S7: ='CAAC Data'!P186 -> 0 | T7: ='CAAC Data'!Q186 -> 0 | U7: ='CAAC Data'!R186 -> 0 | V7: ='CAAC Data'!N186 -> 0 | W7: ='CAAC Data'!B186 -> 0 | X7: ='CAAC Data'!C186 -> 0 | Y7: 0.141 | Z7: ='CAAC Data'!E186 -> 0 | AA7: ='CAAC Data'!F186 -> 0 | AB7: ='CAAC Data'!G186 -> 0 | AC7: ='CAAC Data'!H186 -> 0 | AD7: ='CAAC Data'!I186 -> 0 | AE7: ='CAAC Data'!J186 -> 0 | AF7: ='CAAC Data'!K186 -> 0 | AG7: ='CAAC Data'!L186 -> 0 | AH7: ='CAAC Data'!M186 -> 0 | AI7: ='CAAC Data'!O160 -> -0.94651811 | AJ7: ='CAAC Data'!P160 -> 0.69886364 | AK7: ='CAAC Data'!Q160 -> -0.064735945 | AL7: ='CAAC Data'!R160 -> -0.26699834 | AM7: ='CAAC Data'!N160 -> -0.80327089 | AN7: ='CAAC Data'!B160 -> -0.97550908 | AO7: ='CAAC Data'!C160 -> -0.89520426 | AP7: ='CAAC Data'!D160 -> -0.68330465 | AQ7: ='CAAC Data'!E160 -> 1.253012 | AR7: ='CAAC Data'!F160 -> 0.85087719 | AS7: ='CAAC Data'!G160 -> 0.29032258 | AT7: ='CAAC Data'!H160 -> 0.18994413 | AU7: ='CAAC Data'!I160 -> -0.12307692 | ... AY7: ='CAAC Data'!M160 -> -0.14871795 | AZ7: ='CAAC Data'!O135 -> -0.98485686 | BA7: ='CAAC Data'!P135 -> -0.98295954 | BB7: ='CAAC Data'!Q135 -> -0.97273652 | BC7: ='CAAC Data'!R135 -> -0.95944615 | BD7: ='CAAC Data'!N135 -> -0.97492522 | BE7: ='CAAC Data'!B135 -> -0.98485597 | BF7: ='CAAC Data'!C135 -> -0.98627156 | BG7: ='CAAC Data'!D135 -> -0.98346014 | BH7: ='CAAC Data'!E135 -> -0.98470395 | BI7: ='CAAC Data'!F135 -> -0.983419 | BJ7: ='CAAC Data'!G135 -> -0.98075974 | BK7: ='CAAC Data'!H135 -> -0.97784522 | BL7: ='CAAC Data'!I135 -> -0.97461133 | ... BP7: ='CAAC Data'!M135 -> -0.95129665 | BQ7: ='CAAC Data'!O104 -> 0 | BR7: ='CAAC Data'!P104 -> 0 | BS7: ='CAAC Data'!Q104 -> 0 | BT7: ='CAAC Data'!R104 -> 0 | BU7: ='CAAC Data'!N104 -> 0 | BV7: ='CAAC Data'!B104 -> 0.43506494 | BW7: ='CAAC Data'!C104 -> 0.59728507 | BX7: ='CAAC Data'!D104 -> 0.54957507 | BY7: ='CAAC Data'!E104 -> 0.48263254 | BZ7: ='CAAC Data'!F104 -> 0.21824908 | CA7: ='CAAC Data'!G104 -> 0.2798583 | CB7: ='CAAC Data'!H104 -> 0.32582048 | CC7: ='CAAC Data'!I104 -> 0.087086191 | ... CG7: ='CAAC Data'!M104 -> 0.26242482 | CH7: ='CAAC Data'!O72 -> 5.2979483 | CI7: ='CAAC Data'!P72 -> 1.5384364 | CJ7: ='CAAC Data'!Q72 -> 0.77970901 | CK7: ='CAAC Data'!R72 -> 0.69060615 | CL7: ='CAAC Data'!N72 -> 1.2563591 | CM7: ='CAAC Data'!B72 -> 8.8891403 | CN7: ='CAAC Data'!C72 -> 5.9305949 | CO7: ='CAAC Data'!D72 -> 3.4387569 | CP7: ='CAAC Data'!E72 -> 2.1418002 | CQ7: ='CAAC Data'!F72 -> 1.5809717 | CR7: ='CAAC Data'!G72 -> 1.1182285 | CS7: ='CAAC Data'!H72 -> 0.82821354 | CT7: ='CAAC Data'!I72 -> 0.77558299 | ... CX7: ='CAAC Data'!M72 -> 0.57522568 | CY7: ='CAAC Data'!O41 -> 0.29012421 | CZ7: ='CAAC Data'!P41 -> 0.20717909 | DD7: ='CAAC Data'!B24 -> 0.0024600246 | DE7: ='CAAC Data'!C24 -> 0.26231884 | DF7: ='CAAC Data'!D24 -> 0.14191853 | DG7: ='CAAC Data'!E24 -> 0.027093596 | DH7: ='CAAC Data'!F24 -> -0.013580247 | DI7: ='CAAC Data'!G24 -> -0.036540804 | DJ7: ='CAAC Data'!H24 -> 0.033373063 | DK7: ='CAAC Data'!I33 -> 66989 | DL7: ='CAAC Data'!J33 -> 55483 | DM7: ='CAAC Data'!K33 -> 60000 | DN7: ='CAAC Data'!L33 -> 52651 | DO7: ='CAAC Data'!M33 -> 52939
A8: Air Industry Pure Intl. | B8: 0.31084163 | C8: 0.23291712 | D8: 0.26009922 | E8: 0.11605593 | G8: ='CAAC Data'!O232 -> 0.022639853 | H8: ='CAAC Data'!P232 -> 0.043130155 | I8: ='CAAC Data'!Q232 -> 0.055238865 | J8: ='CAAC Data'!R232 -> -0.038898893 | L8: ='CAAC Data'!O207 -> 0.029829388 | M8: ='CAAC Data'!P207 -> 0.00064462988 | N8: ='CAAC Data'!Q207 -> 0.094348806 | O8: ='CAAC Data'!R207 -> -0.068737491 | P8: ='CAAC Data'!M207 -> -0.015285253 | Q8: ='CAAC Data'!N207 -> 0 | R8: 0.167 | S8: 0.163 | T8: ='CAAC Data'!Q182 -> 0 | U8: ='CAAC Data'!R182 -> 0 | V8: ='CAAC Data'!N182 -> 0 | W8: ='CAAC Data'!B182 -> 0 | X8: ='CAAC Data'!C182 -> 0 | Y8: 0.141 | Z8: ='CAAC Data'!E182 -> 0 | AA8: ='CAAC Data'!F182 -> 0 | AB8: ='CAAC Data'!G182 -> 0 | AC8: ='CAAC Data'!H182 -> 0 | AD8: ='CAAC Data'!I182 -> 0 | AE8: ='CAAC Data'!J182 -> 0 | AF8: ='CAAC Data'!K182 -> 0 | AG8: ='CAAC Data'!L182 -> 0 | AH8: ='CAAC Data'!M182 -> 0 | AI8: ='CAAC Data'!O156 -> -0.28789546 | AJ8: ='CAAC Data'!P156 -> 0.0012250698 | AK8: ='CAAC Data'!Q156 -> -0.31090007 | AL8: ='CAAC Data'!R156 -> -0.39698465 | AM8: ='CAAC Data'!N156 -> -0.25040937 | AN8: ='CAAC Data'!B156 -> -0.3654358 | AO8: ='CAAC Data'!C156 -> -0.50143147 | AP8: ='CAAC Data'!D156 -> 0.0047621054 | AQ8: ='CAAC Data'!E156 -> 0.083358136 | AR8: ='CAAC Data'!F156 -> 0.050167086 | AS8: ='CAAC Data'!G156 -> -0.13052205 | AT8: ='CAAC Data'!H156 -> -0.070687333 | AU8: ='CAAC Data'!I156 -> -0.58935586 | ... AY8: ='CAAC Data'!M156 -> -0.41898527 | AZ8: ='CAAC Data'!O130 -> -0.97964786 | BA8: ='CAAC Data'!P130 -> -0.98443945 | BB8: ='CAAC Data'!Q130 -> -0.97192716 | BC8: ='CAAC Data'!R130 -> -0.95397121 | BD8: ='CAAC Data'!N130 -> -0.97267036 | BE8: ='CAAC Data'!B130 -> -0.97793806 | BF8: ='CAAC Data'!C130 -> -0.97839153 | BG8: ='CAAC Data'!D130 -> -0.98260008 | BH8: ='CAAC Data'!E130 -> -0.98611111 | BI8: ='CAAC Data'!F130 -> -0.98505358 | BJ8: ='CAAC Data'!G130 -> -0.98215289 | BK8: ='CAAC Data'!H130 -> -0.97828913 | BL8: ='CAAC Data'!I130 -> -0.9738266 | ... BP8: ='CAAC Data'!M130 -> -0.94301994 | BQ8: ='CAAC Data'!O99 -> 0 | BR8: ='CAAC Data'!P99 -> 0 | BS8: ='CAAC Data'!Q99 -> 0 | BT8: ='CAAC Data'!R99 -> 0 | BU8: ='CAAC Data'!N99 -> 0 | BV8: ='CAAC Data'!B99 -> 0.6075 | BW8: ='CAAC Data'!C99 -> 0.50855365 | BX8: ='CAAC Data'!D99 -> 0.55051546 | BY8: ='CAAC Data'!E99 -> 0.42220745 | BZ8: ='CAAC Data'!F99 -> 0.18419822 | CA8: ='CAAC Data'!G99 -> 0.23963679 | CB8: ='CAAC Data'!H99 -> 0.29681529 | CC8: ='CAAC Data'!I99 -> 0.080304519 | ... CG8: ='CAAC Data'!M99 -> 0.23157344 | CH8: ='CAAC Data'!O67 -> 4.2691691 | CI8: ='CAAC Data'!P67 -> 1.296595 | CJ8: ='CAAC Data'!Q67 -> 0.68774896 | CK8: ='CAAC Data'!R67 -> 0.59969619 | CL8: ='CAAC Data'!N67 -> 1.102384 | CM8: ='CAAC Data'!B67 -> 6.9688958 | CN8: ='CAAC Data'!C67 -> 4.8649485 | CO8: ='CAAC Data'!D67 -> 2.7307181 | CP8: ='CAAC Data'!E67 -> 1.7545582 | CQ8: ='CAAC Data'!F67 -> 1.3241216 | CR8: ='CAAC Data'!G67 -> 0.96242038 | CS8: ='CAAC Data'!H67 -> 0.71709234 | CT8: ='CAAC Data'!I67 -> 0.68265515 | ... CX8: ='CAAC Data'!M67 -> 0.49851443 | CY8: ='CAAC Data'!O37 -> 167746 | CZ8: ='CAAC Data'!P37 -> 166606 | DD8: ='CAAC Data'!B20 -> -0.0099956541 | DE8: ='CAAC Data'!C20 -> 0.15597103 | DF8: ='CAAC Data'!D20 -> 0.17025472 | DG8: ='CAAC Data'!E20 -> 0.058309947 | DH8: ='CAAC Data'!F20 -> 0.0026525199 | DI8: ='CAAC Data'!G20 -> -0.017365457 | DJ8: ='CAAC Data'!H20 -> 0.023544339 | DK8: ='CAAC Data'!I29 -> 75364 | DL8: ='CAAC Data'!J29 -> 62667 | DM8: ='CAAC Data'!K29 -> 67835 | DN8: ='CAAC Data'!L29 -> 60172 | DO8: ='CAAC Data'!M29 -> 60602
A9: Air Industry Regional + Int'l | G9: ='CAAC Data'!O228 -> 0.03068133 | H9: ='CAAC Data'!P228 -> 0.027006521 | I9: ='CAAC Data'!Q228 -> 0.069131908 | J9: ='CAAC Data'!R228 -> -0.039337384 | L9: ='CAAC Data'!O203 -> 0.041641556 | M9: ='CAAC Data'!P203 -> 0.001853891 | N9: ='CAAC Data'!Q203 -> 0.088492992 | O9: ='CAAC Data'!R203 -> -0.071263948 | R9: ='CAAC Data'!O178 -> 0 | S9: ='CAAC Data'!P178 -> 0 | T9: ='CAAC Data'!Q178 -> 0 | U9: ='CAAC Data'!R178 -> 0 | V9: ='CAAC Data'!N178 -> 0 | DF9: ='CAAC Data'!D26 -> 0
A10: Top 4 | B10: 0.060036962 | C10: 0.05812427 | D10: 0.058366282 | E10: 0.10286248 | G10: 0.14579564 | H10: 0.13840441 | I10: 0.11539155 | J10: 0.16008565 | L10: 0.098091979 | M10: 0.12461765 | N10: 0.095081407 | O10: 0.07717282 | P10: 0.065459285 | Q10: 0.098298189 | R10: ='Top 4 Total'!O91 -> -0.44695507 | S10: 0.058 | T10: ='Top 4 Total'!Q91 -> -0.45452484 | U10: ='Top 4 Total'!R91 -> -0.49685245 | V10: =AVERAGE(R10:U10) -> -0.33508309 | W10: ='Top 4 Total'!B91 -> -0.51938123 | X10: ='Top 4 Total'!C91 -> -0.63160091 | Y10: ='Top 4 Total'!D91 -> -0.19130618 | Z10: ='Top 4 Total'!E91 -> -0.11600694 | AA10: ='Top 4 Total'!F91 -> -0.14135063 | AB10: ='Top 4 Total'!G91 -> -0.25160861 | AC10: ='Top 4 Total'!H91 -> -0.23565579 | AD10: ='Top 4 Total'!I91 -> -0.70111633 | ... AH10: ='Top 4 Total'!M91 -> -0.54550347 | AN10: ='Top 4 Total'!N91 -> 0 | AO10: ='Top 4 Total'!O91 -> -0.44695507 | AP10: ='Top 4 Total'!P91 -> -0.16983369 | AQ10: ='Top 4 Total'!Q91 -> -0.45452484 | AR10: ='Top 4 Total'!R91 -> -0.49685245 | AS10: ='Top 4 Total'!S91 -> -0.39292488 | AT10: ='Top 4 Total'!T91 -> 0 | DF10: ='CAAC Data'!D22 -> 0
A11: Top 4 Domestic | B11: 0.034646531 | C11: 0.041705997 | D11: 0.042045547 | E11: 0.10895083 | G11: 0.15885514 | H11: 0.15682134 | I11: 0.12480783 | J11: 0.16222328 | L11: 0.097018099 | M11: 0.11363947 | N11: 0.091145877 | O11: 0.072192825 | P11: 0.056820942 | Q11: 0.093101817 | R11: ='Top4 Domestic'!O104 -> 11355 | S11: 0.047 | T11: ='Top4 Domestic'!Q104 -> 20841.9 | U11: ='Top4 Domestic'!R104 -> 22528.2 | V11: =AVERAGE(R11:U11) -> 13681.287 | W11: ='Top4 Domestic'!B104 -> 7334 | X11: ='Top4 Domestic'!C104 -> 1255.3 | Y11: ='Top4 Domestic'!D104 -> 2765.7 | Z11: ='Top4 Domestic'!E104 -> 2649.1 | AA11: ='Top4 Domestic'!F104 -> 4044.1 | AB11: ='Top4 Domestic'!G104 -> 4420.5 | AC11: ='Top4 Domestic'!H104 -> 5798.6 | AD11: ='Top4 Domestic'!I104 -> 7267.6 | ... AH11: ='Top4 Domestic'!M104 -> 6690.4 | AN11: ='Top4 Domestic'!N104 -> 0 | AO11: ='Top4 Domestic'!O104 -> 11355 | AP11: ='Top4 Domestic'!P104 -> 11113.7 | AQ11: ='Top4 Domestic'!Q104 -> 20841.9 | AR11: ='Top4 Domestic'!R104 -> 22528.2 | AS11: ='Top4 Domestic'!S104 -> 65838.8 | AT11: ='Top4 Domestic'!T104 -> 0 | DF11: ='CAAC Data'!D28 -> Mar
A12: Top 4 Regional (港澳台） | B12: 0.094145204 | C12: 5.9756404e-05 | D12: -0.04779835 | E12: -0.071659694 | G12: -0.083474674 | H12: 0.0050705334 | I12: 0.094197073 | J12: 0.15460566 | L12: 0.097493155 | M12: 0.13401207 | N12: 0.099752247 | O12: 0.074324106 | P12: 0.086705343 | Q12: 0.10079624 | R12: ='Top4 Intl.+Reg'!O435 -> 0 | S12: ='Top4 Intl.+Reg'!P435 -> 0 | T12: ='Top4 Intl.+Reg'!Q435 -> 0 | U12: ='Top4 Intl.+Reg'!R435 -> 0 | V12: =AVERAGE(R12:U12) -> 0 | W12: ='Top4 Intl.+Reg'!B435 -> 0.06724346 | X12: ='Top4 Intl.+Reg'!C435 -> -0.027838325 | Y12: ='Top4 Intl.+Reg'!D435 -> 0.015203749 | Z12: ='Top4 Intl.+Reg'!E435 -> 0.015444507 | AA12: ='Top4 Intl.+Reg'!F435 -> -0.016853406 | AB12: ='Top4 Intl.+Reg'!G435 -> -0.0026410128 | AC12: ='Top4 Intl.+Reg'!H435 -> 0.071461919 | AD12: ='Top4 Intl.+Reg'!I435 -> 0.026712606 | ... AH12: ='Top4 Intl.+Reg'!M435 -> 0.060531185 | AN12: ='Top4 Intl.+Reg'!N435 -> 0 | AO12: ='Top4 Intl.+Reg'!O435 -> 0 | AP12: ='Top4 Intl.+Reg'!P435 -> 0 | AQ12: ='Top4 Intl.+Reg'!Q435 -> 0 | AR12: ='Top4 Intl.+Reg'!R435 -> 0 | AS12: ='Top4 Intl.+Reg'!S435 -> 0 | AT12: ='Top4 Intl.+Reg'!T435 -> 0 | DF12: ='CAAC Data'!D24 -> 0.14191853
A13: Top 4 International | B13: 0.23300681 | C13: 0.1919311 | D13: 0.20632696 | E13: 0.097730886 | G13: 0.1158186 | H13: 0.037943055 | I13: 0.055793714 | J13: 0.14542448 | L13: 0.10587235 | M13: 0.20714073 | N13: 0.12276586 | O13: 0.11536644 | P13: 0.12183289 | Q13: 0.13623741 | R13: ='Top4 Intl.+Reg'!O418 -> 5707.9 | S13: ='Top4 Intl.+Reg'!P418 -> 5772.1 | T13: ='Top4 Intl.+Reg'!Q418 -> 5677.3 | U13: ='Top4 Intl.+Reg'!R418 -> 5295.7 | V13: =AVERAGE(R13:U13) -> 5613.25 | W13: ='Top4 Intl.+Reg'!B418 -> 1929.6 | X13: ='Top4 Intl.+Reg'!C418 -> 1833.8 | Y13: ='Top4 Intl.+Reg'!D418 -> 1944.5 | Z13: ='Top4 Intl.+Reg'!E418 -> 1978.4 | AA13: ='Top4 Intl.+Reg'!F418 -> 1921.7 | AB13: ='Top4 Intl.+Reg'!G418 -> 1872 | AC13: ='Top4 Intl.+Reg'!H418 -> 1958.8 | AD13: ='Top4 Intl.+Reg'!I418 -> 2006.1 | ... AH13: ='Top4 Intl.+Reg'!M418 -> 1841.3 | AN13: ='Top4 Intl.+Reg'!N418 -> 0 | AO13: ='Top4 Intl.+Reg'!O418 -> 5707.9 | AP13: ='Top4 Intl.+Reg'!P418 -> 5772.1 | AQ13: ='Top4 Intl.+Reg'!Q418 -> 5677.3 | AR13: ='Top4 Intl.+Reg'!R418 -> 5295.7 | AS13: ='Top4 Intl.+Reg'!S418 -> 22453 | AT13: ='Top4 Intl.+Reg'!T418 -> 0 | DF13: ='CAAC Data'!D30 -> 0.035103604
A14: Top 3 | R14: ='Top 4 Total'!O89 -> 0 | S14: ='Top 4 Total'!P89 -> 0 | T14: ='Top 4 Total'!Q89 -> 0 | U14: ='Top 4 Total'!R89 -> 0 | V14: ='Top 4 Total'!S89 -> 0 | W14: ='Top 4 Total'!B89 -> 0 | X14: ='Top 4 Total'!C89 -> 0 | Y14: ='Top 4 Total'!D89 -> 0 | Z14: ='Top 4 Total'!E89 -> 0 | AA14: ='Top 4 Total'!F89 -> 0 | AB14: ='Top 4 Total'!G89 -> 0 | AC14: ='Top 4 Total'!H89 -> 0 | AD14: ='Top 4 Total'!I89 -> 0 | ... AH14: ='Top 4 Total'!M89 -> 0 | AI14: ='Top 4 Total'!O73 -> Q1 | AJ14: ='Top 4 Total'!P73 -> Q2 | AK14: ='Top 4 Total'!Q73 -> Q3 | AL14: ='Top 4 Total'!R73 -> Q4 | AM14: =AVERAGE(AN14:AY14) -> #DIV/0! | AN14: ='Top 4 Total'!B73 -> Jan | AO14: ='Top 4 Total'!C73 -> Feb | AP14: ='Top 4 Total'!D73 -> Mar | AQ14: ='Top 4 Total'!E73 -> Apr | AR14: ='Top 4 Total'!F73 -> May | AS14: ='Top 4 Total'!G73 -> Jun | AT14: ='Top 4 Total'!H73 -> Jul | AU14: ='Top 4 Total'!I73 -> Aug | ... AY14: ='Top 4 Total'!M73 -> Dec | AZ14: ='Top 4 Total'!O57 -> 13134.86 | BA14: ='Top 4 Total'!P57 -> 5540.76 | BB14: ='Top 4 Total'!Q57 -> 15125.74 | BC14: ='Top 4 Total'!R57 -> 8726.25 | BD14: ='Top 4 Total'!S57 -> 42527.61 | BE14: ='Top 4 Total'!B57 -> 5023.59 | BF14: ='Top 4 Total'!C57 -> 5603.48 | BG14: ='Top 4 Total'!D57 -> 2507.79 | BH14: ='Top 4 Total'!E57 -> 868.11 | BI14: ='Top 4 Total'!F57 -> 1512.37 | BJ14: ='Top 4 Total'!G57 -> 3160.28 | BK14: ='Top 4 Total'!H57 -> 5078.55 | BL14: ='Top 4 Total'!I57 -> 5818.63 | ... BP14: ='Top 4 Total'!M57 -> 3168.02 | BQ14: ='Top 4 Total'!O35 -> 0.41717999 | BR14: ='Top 4 Total'!P35 -> 0.14064967 | BS14: ='Top 4 Total'!Q35 -> 0.13820677 | BT14: ='Top 4 Total'!R35 -> 0.12393199 | BU14: ='Top 4 Total'!S35 -> 0.19238501 | BV14: ='Top 4 Total'!B35 -> 0.4922848 | BW14: ='Top 4 Total'!C35 -> 0.47449538 | BX14: ='Top 4 Total'!D35 -> 0.2968554 | BY14: ='Top 4 Total'!E35 -> 0.12948846 | BZ14: ='Top 4 Total'!F35 -> 0.17068663 | CA14: ='Top 4 Total'!G35 -> 0.12200837 | CB14: ='Top 4 Total'!H35 -> 0.11438303 | CC14: ='Top 4 Total'!I35 -> 0.15463699 | ... CG14: ='Top 4 Total'!M35 -> 0.09274874 | CH14: ='Top 4 Total'!O17 -> 116541.11 | CI14: ='Top 4 Total'!P17 -> 117049.74 | CJ14: ='Top 4 Total'!Q17 -> 130088.96 | CK14: ='Top 4 Total'!R17 -> 120568.41 | CL14: ='Top 4 Total'!S17 -> 484248.22 | CM14: ='Top 4 Total'!B17 -> 40678.15 | CN14: ='Top 4 Total'!C17 -> 38459.4 | CO14: ='Top 4 Total'!D17 -> 37403.56 | CP14: ='Top 4 Total'!E17 -> 38384.8 | CQ14: ='Top 4 Total'!F17 -> 40191.38 | CR14: ='Top 4 Total'!G17 -> 38473.56 | CS14: ='Top 4 Total'!H17 -> 44295.37 | CT14: ='Top 4 Total'!I17 -> 46530.34 | ... CX14: ='Top 4 Total'!M17 -> 38641.29 | CY14: ='Top 4 Total'!#REF! -> #REF! | CZ14: ='Top 4 Total'!#REF! -> #REF! | DD14: ='Top 4 Total'!B11 -> -0.029828298 | DE14: ='Top 4 Total'!C11 -> 0.11232105 | DF14: ='Top 4 Total'!D11 -> 0.12057248 | DG14: ='Top 4 Total'!E11 -> 0.0035099831 | DH14: ='Top 4 Total'!F11 -> -0.078124215 | DI14: ='Top 4 Total'!G11 -> -0.067007836 | DJ14: ='Top 4 Total'!H11 -> 0.054061406 | DK14: ='Top 4 Total'!I5 -> 0 | DL14: ='Top 4 Total'!J5 -> 0 | DM14: ='Top 4 Total'!K5 -> 0 | DN14: ='Top 4 Total'!L5 -> 0 | DO14: ='Top 4 Total'!M5 -> 0 | DP14: vs 2025
A15: Top 3 Domestic | R15: ='Top4 Domestic'!O102 -> 14512.04 | S15: ='Top4 Domestic'!P102 -> 16749.43 | T15: ='Top4 Domestic'!Q102 -> 30319.81 | U15: ='Top4 Domestic'!R102 -> 32322.86 | V15: ='Top4 Domestic'!S102 -> 93904.14 | W15: ='Top4 Domestic'!B102 -> 9480.64 | X15: ='Top4 Domestic'!C102 -> 1415.19 | Y15: ='Top4 Domestic'!D102 -> 3616.21 | Z15: ='Top4 Domestic'!E102 -> 3837.93 | AA15: ='Top4 Domestic'!F102 -> 5829.99 | AB15: ='Top4 Domestic'!G102 -> 7081.51 | AC15: ='Top4 Domestic'!H102 -> 8970.47 | AD15: ='Top4 Domestic'!I102 -> 10252.54 | ... AH15: ='Top4 Domestic'!M102 -> 9939.53 | AI15: ='Top4 Domestic'!O77 -> 15338.4 | AJ15: ='Top4 Domestic'!P77 -> 22666 | AK15: ='Top4 Domestic'!Q77 -> 16202.9 | AL15: ='Top4 Domestic'!R77 -> 13661.5 | AM15: =AVERAGE(AN15:AY15) -> 5655.7333 | AN15: ='Top4 Domestic'!B77 -> 4358.4 | AO15: ='Top4 Domestic'!C77 -> 3470.3 | AP15: ='Top4 Domestic'!D77 -> 7509.7 | AQ15: ='Top4 Domestic'!E77 -> 8311.8 | AR15: ='Top4 Domestic'!F77 -> 8192.5 | AS15: ='Top4 Domestic'!G77 -> 6161.7 | AT15: ='Top4 Domestic'!H77 -> 7608.6 | AU15: ='Top4 Domestic'!I77 -> 3156.4 | ... AY15: ='Top4 Domestic'!M77 -> 4181.7 | AZ15: ='Top4 Domestic'!O58 -> 10843.5 | BA15: ='Top4 Domestic'!P58 -> 6208.1 | BB15: ='Top4 Domestic'!Q58 -> 13207.6 | BC15: ='Top4 Domestic'!R58 -> 7551.9 | BD15: ='Top4 Domestic'!S58 -> 37811.1 | BE15: ='Top4 Domestic'!B58 -> 4303.3 | BF15: ='Top4 Domestic'!C58 -> 4321.3 | BG15: ='Top4 Domestic'!D58 -> 2218.9 | BH15: ='Top4 Domestic'!E58 -> 1303.1 | BI15: ='Top4 Domestic'!F58 -> 1780.5 | BJ15: ='Top4 Domestic'!G58 -> 3124.5 | BK15: ='Top4 Domestic'!H58 -> 5172.7 | BL15: ='Top4 Domestic'!I58 -> 5065.7 | ... BP15: ='Top4 Domestic'!M58 -> 2846.7 | BQ15: ='Top4 Domestic'!O35 -> 0.28825738 | BR15: ='Top4 Domestic'!P35 -> 0.056132615 | BS15: ='Top4 Domestic'!Q35 -> 0.085496537 | BT15: ='Top4 Domestic'!R35 -> 0.077640853 | BU15: ='Top4 Domestic'!S35 -> 0.11977382 | BV15: ='Top4 Domestic'!B35 -> 0.34941029 | BW15: ='Top4 Domestic'!C35 -> 0.34008231 | BX15: ='Top4 Domestic'!D35 -> 0.18363574 | BY15: ='Top4 Domestic'!E35 -> 0.029102032 | BZ15: ='Top4 Domestic'!F35 -> 0.088346616 | CA15: ='Top4 Domestic'!G35 -> 0.050526552 | CB15: ='Top4 Domestic'!H35 -> 0.057695584 | CC15: ='Top4 Domestic'!I35 -> 0.10282006 | ... CG15: ='Top4 Domestic'!M35 -> 0.049103381 | CH15: ='Top4 Domestic'!O17 -> 99717.33 | CI15: ='Top4 Domestic'!P17 -> 99766.72 | CJ15: ='Top4 Domestic'!Q17 -> 111451.15 | CK15: ='Top4 Domestic'!R17 -> 102011.03 | CL15: ='Top4 Domestic'!S17 -> 412946.23 | CM15: ='Top4 Domestic'!B17 -> 34540.98 | CN15: ='Top4 Domestic'!C17 -> 33231.44 | CO15: ='Top4 Domestic'!D17 -> 31944.91 | CP15: ='Top4 Domestic'!E17 -> 32605.99 | CQ15: ='Top4 Domestic'!F17 -> 34442.48 | CR15: ='Top4 Domestic'!G17 -> 32718.25 | CS15: ='Top4 Domestic'!H17 -> 38033.01 | CT15: ='Top4 Domestic'!I17 -> 39865.24 | ... CX15: ='Top4 Domestic'!M17 -> 32421.43 | CY15: ='Top4 Domestic'!#REF! -> #REF! | CZ15: ='Top4 Domestic'!#REF! -> #REF! | DD15: ='Top4 Domestic'!B11 -> -0.03753831 | DE15: ='Top4 Domestic'!C11 -> 0.098626481 | DF15: ='Top4 Domestic'!D11 -> 0.11001972 | DG15: ='Top4 Domestic'!E11 -> -0.0071916234 | DH15: ='Top4 Domestic'!F11 -> -0.092958173 | DI15: ='Top4 Domestic'!G11 -> -0.078456519 | DJ15: ='Top4 Domestic'!H11 -> 0.053006849 | DK15: ='Top4 Domestic'!I5 -> 0 | DL15: ='Top4 Domestic'!J5 -> 0 | DM15: ='Top4 Domestic'!K5 -> 0 | DN15: ='Top4 Domestic'!L5 -> 0 | DO15: ='Top4 Domestic'!M5 -> 0
A16: Top 3 International (含港澳台） | BQ16: ='Top4 Intl.+Reg'!O206 -> 0 | BR16: ='Top4 Intl.+Reg'!P206 -> 0 | BS16: ='Top4 Intl.+Reg'!Q206 -> 0 | BT16: ='Top4 Intl.+Reg'!R206 -> 0 | BU16: ='Top4 Intl.+Reg'!S206 -> 0 | CE16: ='Top4 Intl.+Reg'!K206 -> 0 | CF16: ='Top4 Intl.+Reg'!L206 -> 0 | CG16: ='Top4 Intl.+Reg'!M206 -> 0 | CH16: ='Top4 Intl.+Reg'!O149 -> 0 | CI16: ='Top4 Intl.+Reg'!P149 -> 0 | CJ16: ='Top4 Intl.+Reg'!Q149 -> 0 | CK16: ='Top4 Intl.+Reg'!R149 -> 0 | CL16: ='Top4 Intl.+Reg'!S149 -> 0 | CM16: ='Top4 Intl.+Reg'!B149 -> 0 | CN16: ='Top4 Intl.+Reg'!C149 -> 0 | CO16: ='Top4 Intl.+Reg'!D149 -> 0 | CP16: ='Top4 Intl.+Reg'!E149 -> 0 | CQ16: ='Top4 Intl.+Reg'!F149 -> 0 | CR16: ='Top4 Intl.+Reg'!G149 -> 0 | CS16: ='Top4 Intl.+Reg'!H149 -> 0 | CT16: ='Top4 Intl.+Reg'!I149 -> 0 | ... CX16: ='Top4 Intl.+Reg'!M149 -> 0 | CY16: ='Top4 Intl.+Reg'!O93 -> 0 | CZ16: ='Top4 Intl.+Reg'!P93 -> 0 | DD16: ='Top4 Intl.+Reg'!B11 -> 0.01806035 | DE16: ='Top4 Intl.+Reg'!C11 -> 0.19935348 | DF16: ='Top4 Intl.+Reg'!D11 -> 0.1823333 | DG16: ='Top4 Intl.+Reg'!E11 -> 0.063888365 | DH16: ='Top4 Intl.+Reg'!F11 -> 0.010748143 | DI16: ='Top4 Intl.+Reg'!G11 -> -0.036464303 | DJ16: ='Top4 Intl.+Reg'!H11 -> 0.060466022 | DK16: ='Top4 Intl.+Reg'!I55 -> #DIV/0! | DL16: ='Top4 Intl.+Reg'!J55 -> #DIV/0! | DM16: ='Top4 Intl.+Reg'!K55 -> #DIV/0! | DN16: ='Top4 Intl.+Reg'!L55 -> #DIV/0! | DO16: ='Top4 Intl.+Reg'!M55 -> #DIV/0! | DP16: vs 2025
A17: Top 3 Regional (港澳台） | R17: ='Top4 Intl.+Reg'!O433 -> 0 | S17: ='Top4 Intl.+Reg'!P433 -> 0 | T17: ='Top4 Intl.+Reg'!Q433 -> 0 | U17: ='Top4 Intl.+Reg'!R433 -> 0 | V17: ='Top4 Intl.+Reg'!S433 -> 0 | W17: ='Top4 Intl.+Reg'!B433 -> 0.064418261 | X17: ='Top4 Intl.+Reg'!C433 -> -0.007682125 | Y17: ='Top4 Intl.+Reg'!D433 -> -0.022144889 | Z17: ='Top4 Intl.+Reg'!E433 -> 0.0082586739 | AA17: ='Top4 Intl.+Reg'!F433 -> 0.0088129174 | AB17: ='Top4 Intl.+Reg'!G433 -> 0.0060535041 | AC17: ='Top4 Intl.+Reg'!H433 -> 0.035942391 | AD17: ='Top4 Intl.+Reg'!I433 -> 0.016577677 | ... AH17: ='Top4 Intl.+Reg'!M433 -> 0.032647027 | AI17: ='Top4 Intl.+Reg'!O374 -> 0 | AJ17: ='Top4 Intl.+Reg'!P374 -> 0 | AK17: ='Top4 Intl.+Reg'!Q374 -> 0 | AL17: ='Top4 Intl.+Reg'!R374 -> 0 | AM17: =AVERAGE(AN17:AY17) -> -0.12189322 | AN17: ='Top4 Intl.+Reg'!B374 -> 0.06682079 | AO17: ='Top4 Intl.+Reg'!C374 -> -0.82582199 | AP17: ='Top4 Intl.+Reg'!D374 -> -0.53612479 | AQ17: ='Top4 Intl.+Reg'!E374 -> -0.85656909 | AR17: ='Top4 Intl.+Reg'!F374 -> 0.24964404 | AS17: ='Top4 Intl.+Reg'!G374 -> 0.1868591 | AT17: ='Top4 Intl.+Reg'!H374 -> 0.2256 | AU17: ='Top4 Intl.+Reg'!I374 -> 0.010443864 | ... AY17: ='Top4 Intl.+Reg'!M374 -> 0.078726968 | AZ17: ='Top4 Intl.+Reg'!O315 -> -0.92557864 | BA17: ='Top4 Intl.+Reg'!P315 -> 0.43441397 | BB17: ='Top4 Intl.+Reg'!Q315 -> -0.23638223 | BC17: ='Top4 Intl.+Reg'!R315 -> -0.36641675 | BD17: ='Top4 Intl.+Reg'!S315 -> -0.766829 | BE17: ='Top4 Intl.+Reg'!B315 -> -0.96614578 | BF17: ='Top4 Intl.+Reg'!C315 -> -0.83095565 | BG17: ='Top4 Intl.+Reg'!D315 -> -0.53875562 | BH17: ='Top4 Intl.+Reg'!E315 -> 1.0755481 | BI17: ='Top4 Intl.+Reg'!F315 -> 0.50143491 | BJ17: ='Top4 Intl.+Reg'!G315 -> 0.021980122 | BK17: ='Top4 Intl.+Reg'!H315 -> -0.081414474 | BL17: ='Top4 Intl.+Reg'!I315 -> -0.24619151 | ... BP17: ='Top4 Intl.+Reg'!M315 -> -0.26326185 | BQ17: ='Top4 Intl.+Reg'!O244 -> 0 | BR17: ='Top4 Intl.+Reg'!P244 -> 0 | BS17: ='Top4 Intl.+Reg'!Q244 -> 0 | BT17: ='Top4 Intl.+Reg'!R244 -> 0 | BU17: ='Top4 Intl.+Reg'!S244 -> 0 | BV17: ='Top4 Intl.+Reg'!B244 -> 0 | BW17: ='Top4 Intl.+Reg'!C244 -> 0 | BX17: ='Top4 Intl.+Reg'!D244 -> 0 | BY17: ='Top4 Intl.+Reg'!E244 -> 0 | BZ17: ='Top4 Intl.+Reg'!F244 -> 0 | CA17: ='Top4 Intl.+Reg'!G244 -> 0 | CB17: ='Top4 Intl.+Reg'!H244 -> 0 | CC17: ='Top4 Intl.+Reg'!I244 -> 0 | ... CG17: ='Top4 Intl.+Reg'!M244 -> 0 | CH17: ='Top4 Intl.+Reg'!O187 -> 0 | CI17: ='Top4 Intl.+Reg'!P187 -> 0 | CJ17: ='Top4 Intl.+Reg'!Q187 -> 0 | CK17: ='Top4 Intl.+Reg'!R187 -> 0 | CL17: ='Top4 Intl.+Reg'!S187 -> 0 | CM17: ='Top4 Intl.+Reg'!B187 -> 0 | CN17: ='Top4 Intl.+Reg'!C187 -> 0 | CO17: ='Top4 Intl.+Reg'!D187 -> 0 | CP17: ='Top4 Intl.+Reg'!E187 -> 0 | CQ17: ='Top4 Intl.+Reg'!F187 -> 0 | CR17: ='Top4 Intl.+Reg'!G187 -> 0 | CS17: ='Top4 Intl.+Reg'!H187 -> 0 | CT17: ='Top4 Intl.+Reg'!I187 -> 0 | ... CX17: ='Top4 Intl.+Reg'!M187 -> 0 | CY17: ='Top4 Intl.+Reg'!O131 -> 0 | CZ17: ='Top4 Intl.+Reg'!P131 -> 0 | DD17: ='Top4 Intl.+Reg'!B49 -> 0.00045889016 | DE17: ='Top4 Intl.+Reg'!C49 -> 0.27438154 | DF17: ='Top4 Intl.+Reg'!D49 -> 0.15786001 | DG17: ='Top4 Intl.+Reg'!E49 -> 0.032633766 | DH17: ='Top4 Intl.+Reg'!F49 -> -0.022880526 | DI17: ='Top4 Intl.+Reg'!G49 -> -0.071197155 | DJ17: ='Top4 Intl.+Reg'!H49 -> -0.0038010873 | DK17: ='Top4 Intl.+Reg'!I92 -> 0.10926856 | DL17: ='Top4 Intl.+Reg'!J92 -> 0.075556262 | DM17: ='Top4 Intl.+Reg'!K92 -> 0.18840612 | DN17: ='Top4 Intl.+Reg'!L92 -> 0.18056154 | DO17: ='Top4 Intl.+Reg'!M92 -> 0.12629327
A18: Top 3 Pure Intl. | R18: ='Top4 Intl.+Reg'!O416 -> 5592.08 | S18: ='Top4 Intl.+Reg'!P416 -> 5598.34 | T18: ='Top4 Intl.+Reg'!Q416 -> 6143.93 | U18: ='Top4 Intl.+Reg'!R416 -> 5590.59 | V18: ='Top4 Intl.+Reg'!S416 -> 22924.94 | W18: ='Top4 Intl.+Reg'!B416 -> 1891.31 | X18: ='Top4 Intl.+Reg'!C416 -> 1843.97 | Y18: ='Top4 Intl.+Reg'!D416 -> 1856.8 | Z18: ='Top4 Intl.+Reg'!E416 -> 1894.33 | AA18: ='Top4 Intl.+Reg'!F416 -> 1839.95 | AB18: ='Top4 Intl.+Reg'!G416 -> 1864.06 | AC18: ='Top4 Intl.+Reg'!H416 -> 2108.59 | AD18: ='Top4 Intl.+Reg'!I416 -> 2188.96 | ... AH18: ='Top4 Intl.+Reg'!M416 -> 1939.73 | AI18: ='Top4 Intl.+Reg'!O357 -> 2333.91 | AJ18: ='Top4 Intl.+Reg'!P357 -> 128.8 | AK18: ='Top4 Intl.+Reg'!Q357 -> 234.03 | AL18: ='Top4 Intl.+Reg'!R357 -> 251.65 | AM18: =AVERAGE(AN18:AY18) -> 245.69917 | AN18: ='Top4 Intl.+Reg'!B357 -> 1951.9 | AO18: ='Top4 Intl.+Reg'!C357 -> 243.77 | AP18: ='Top4 Intl.+Reg'!D357 -> 138.24 | AQ18: ='Top4 Intl.+Reg'!E357 -> 30.51 | AR18: ='Top4 Intl.+Reg'!F357 -> 41.18 | AS18: ='Top4 Intl.+Reg'!G357 -> 57.11 | AT18: ='Top4 Intl.+Reg'!H357 -> 67.41 | AU18: ='Top4 Intl.+Reg'!I357 -> 77.83 | ... AY18: ='Top4 Intl.+Reg'!M357 -> 82.93 | AZ18: ='Top4 Intl.+Reg'!O290 -> 0 | BA18: ='Top4 Intl.+Reg'!P290 -> 0 | BB18: ='Top4 Intl.+Reg'!Q290 -> 0 | BC18: ='Top4 Intl.+Reg'!R290 -> 0 | BD18: ='Top4 Intl.+Reg'!S290 -> 0 | BE18: ='Top4 Intl.+Reg'!B290 -> 0 | BF18: ='Top4 Intl.+Reg'!C290 -> 0 | BG18: ='Top4 Intl.+Reg'!D290 -> 0 | BH18: ='Top4 Intl.+Reg'!E290 -> 0 | BI18: ='Top4 Intl.+Reg'!F290 -> 0 | BJ18: ='Top4 Intl.+Reg'!G290 -> 0 | BK18: ='Top4 Intl.+Reg'!H290 -> 0 | BL18: ='Top4 Intl.+Reg'!I290 -> 0 | ... BP18: ='Top4 Intl.+Reg'!M290 -> 0 | BQ18: ='Top4 Intl.+Reg'!O225 -> 0 | BR18: ='Top4 Intl.+Reg'!P225 -> 0 | BS18: ='Top4 Intl.+Reg'!Q225 -> 0 | BT18: ='Top4 Intl.+Reg'!R225 -> 0 | BU18: ='Top4 Intl.+Reg'!S225 -> 0 | BV18: ='Top4 Intl.+Reg'!B225 -> 0 | BW18: ='Top4 Intl.+Reg'!C225 -> 0 | BX18: ='Top4 Intl.+Reg'!D225 -> 0 | BY18: ='Top4 Intl.+Reg'!E225 -> 0 | BZ18: ='Top4 Intl.+Reg'!F225 -> 0 | CA18: ='Top4 Intl.+Reg'!G225 -> 0 | CB18: ='Top4 Intl.+Reg'!H225 -> 0 | CC18: ='Top4 Intl.+Reg'!I225 -> 0 | ... CG18: ='Top4 Intl.+Reg'!M225 -> 0 | CH18: ='Top4 Intl.+Reg'!O168 -> 0 | CI18: ='Top4 Intl.+Reg'!P168 -> 0 | CJ18: ='Top4 Intl.+Reg'!Q168 -> 0 | CK18: ='Top4 Intl.+Reg'!R168 -> 0 | CL18: ='Top4 Intl.+Reg'!S168 -> 0 | CM18: ='Top4 Intl.+Reg'!B168 -> 0 | CN18: ='Top4 Intl.+Reg'!C168 -> 0 | CO18: ='Top4 Intl.+Reg'!D168 -> 0 | CP18: ='Top4 Intl.+Reg'!E168 -> 0 | CQ18: ='Top4 Intl.+Reg'!F168 -> 0 | CR18: ='Top4 Intl.+Reg'!G168 -> 0 | CS18: ='Top4 Intl.+Reg'!H168 -> 0 | CT18: ='Top4 Intl.+Reg'!I168 -> 0 | ... CX18: ='Top4 Intl.+Reg'!M168 -> 0 | CY18: ='Top4 Intl.+Reg'!O112 -> 0 | CZ18: ='Top4 Intl.+Reg'!P112 -> 0 | DD18: ='Top4 Intl.+Reg'!B30 -> 0.021074989 | DE18: ='Top4 Intl.+Reg'!C30 -> 0.18665557 | DF18: ='Top4 Intl.+Reg'!D30 -> 0.18665035 | DG18: ='Top4 Intl.+Reg'!E30 -> 0.069471044 | DH18: ='Top4 Intl.+Reg'!F30 -> 0.016724881 | DI18: ='Top4 Intl.+Reg'!G30 -> -0.030402564 | DJ18: ='Top4 Intl.+Reg'!H30 -> 0.071581625 | DK18: ='Top4 Intl.+Reg'!I74 -> 0 | DL18: ='Top4 Intl.+Reg'!J74 -> 0 | DM18: ='Top4 Intl.+Reg'!K74 -> 0 | DN18: ='Top4 Intl.+Reg'!L74 -> 0 | DO18: ='Top4 Intl.+Reg'!M74 -> 0
AZ20: vs. 2019 | BQ20: 2023 vs. 2019 | DD20: 2025
A21: (YoY Growth) | B21: 16 Q1 | C21: 16 Q2 | D21: 16 Q3 | E21: 16 Q4 | G21: 17 Q1 | H21: 17Q2 | I21: 17Q3 | J21: 17Q4 | L21: 18 Q1 | M21: 18Q2 | N21: 18Q3 | O21: 18Q4 | P21: Dec | Q21: FY18 | R21: 19Q1 | S21: 19Q2 | T21: 19Q3 | U21: 19Q4 | V21: FY19 | W21: Jan | X21: Feb | Y21: Mar | Z21: Apr | AA21: May | AB21: June | AC21: July | AD21: August | AE21: September | AF21: October | AG21: November | AH21: December | AI21: 20Q1 | AJ21: 20Q2 | AK21: 20Q3 | AL21: 20Q4 | AM21: FY20 | AN21: January | AO21: February | AP21: March | AQ21: April | AR21: May | AS21: June | AT21: July | AU21: August | AV21: September | AW21: October | AX21: November | AY21: December | AZ21: 21Q1 | BA21: 21Q2 | BB21: 21Q3 | BC21: 21Q4 | BD21: FY21 | BE21: Jan | BF21: Feb | BG21: Mar | BH21: Apr | BI21: May | BJ21: Jun | BK21: Jul | BL21: Aug | BM21: Sep | BN21: Oct | BO21: Nov | BP21: Dec | BQ21: 22Q1 | BR21: 22Q2 | BS21: 22Q3 | BT21: 22Q4 | BU21: FY2022 | BV21: Jan | BW21: Feb | BX21: Mar | BY21: Apr | BZ21: May | CA21: Jun | CB21: Jul | CC21: Aug | CD21: Sep | CE21: Oct | CF21: Nov | CG21: Dec | CH21: 23Q1 | CI21: 23Q2 | CJ21: 23Q3 | CK21: 23Q4 | CL21: FY2023 | CM21: Jan | CN21: Feb | CO21: Mar | CP21: April | CQ21: May | CR21: June | CS21: July | CT21: August | CU21: September | CV21: October | CW21: November | CX21: December | CY21: 24Q1 | CZ21: 24Q2 | DA21: 24Q3 | DB21: 24Q4 | DC21: FY2024 | DD21: Jan | DE21: Feb | DF21: Mar | DG21: Apr | DH21: May | DI21: Jun | DJ21: Jul | DK21: Aug | DL21: Sep | DM21: Oct | DN21: Nov | DO21: Dec
A22: Air Industry | B22: 0.10750932 | C22: 0.1114922 | D22: 0.12015316 | E22: 0.13852476 | G22: ='CAAC Data'!O234 -> 130811 | H22: ='CAAC Data'!P234 -> 134612 | I22: ='CAAC Data'!Q234 -> 144005 | J22: ='CAAC Data'!R234 -> 138439 | L22: ='CAAC Data'!O209 -> 142649 | M22: ='CAAC Data'!P209 -> 142849 | N22: ='CAAC Data'!Q209 -> 155632 | O22: ='CAAC Data'!R209 -> 144527 | P22: ='CAAC Data'!M209 -> 46436 | Q22: ='CAAC Data'!N209 -> 585657 | R22: 0.098 | S22: 0.072 | T22: ='CAAC Data'!Q184 -> -0.24316569 | U22: ='CAAC Data'!R184 -> -0.16128378 | V22: ='CAAC Data'!N184 -> -0.381602 | W22: ='CAAC Data'!B184 -> -0.070281803 | X22: ='CAAC Data'!C184 -> -0.84770025 | Y22: ='CAAC Data'!D184 -> -0.69248599 | Z22: ='CAAC Data'!E184 -> -0.64628598 | AA22: ='CAAC Data'!F184 -> -0.46932629 | AB22: ='CAAC Data'!G184 -> -0.3535377 | AC22: ='CAAC Data'!H184 -> -0.2612358 | AD22: ='CAAC Data'!I184 -> -0.15215667 | ... AH22: ='CAAC Data'!M184 -> -0.092083728 | AI22: ='CAAC Data'!O158 -> 0 | AJ22: ='CAAC Data'!P158 -> 0 | AK22: ='CAAC Data'!Q158 -> 0 | AL22: ='CAAC Data'!R158 -> 0 | AM22: ='CAAC Data'!N158 -> 0 | AN22: ='CAAC Data'!B158 -> 0 | AO22: ='CAAC Data'!C158 -> 0 | AP22: ='CAAC Data'!D158 -> 0 | AQ22: ='CAAC Data'!E158 -> 0 | AR22: ='CAAC Data'!F158 -> 0 | AS22: ='CAAC Data'!G158 -> 0 | AT22: ='CAAC Data'!H158 -> 0 | AU22: ='CAAC Data'!I158 -> 0 | ... AY22: ='CAAC Data'!M158 -> 0 | AZ22: ='CAAC Data'!O128 -> 430 | BA22: ='CAAC Data'!P128 -> 332 | BB22: ='CAAC Data'!Q128 -> 629 | BC22: ='CAAC Data'!R128 -> 940 | BD22: ='CAAC Data'!N128 -> 2331 | BE22: ='CAAC Data'!B128 -> 156 | BF22: ='CAAC Data'!C128 -> 151 | BG22: ='CAAC Data'!D128 -> 123 | BH22: ='CAAC Data'!E128 -> 99 | BI22: ='CAAC Data'!F128 -> 106 | BJ22: ='CAAC Data'!G128 -> 127 | BK22: ='CAAC Data'!H128 -> 167 | BL22: ='CAAC Data'!I128 -> 208 | ... BP22: ='CAAC Data'!M128 -> 400 | BQ22: ='CAAC Data'!O97 -> 6.2488372 | BR22: ='CAAC Data'!P97 -> 22.53012 | BS22: ='CAAC Data'!Q97 -> 18.556439 | BT22: ='CAAC Data'!R97 -> 12.306383 | BU22: ='CAAC Data'!N97 -> 14.331617 | BV22: ='CAAC Data'!B97 -> 3.1217949 | BW22: ='CAAC Data'!C97 -> 5.4238411 | BX22: ='CAAC Data'!D97 -> 11.227642 | BY22: ='CAAC Data'!E97 -> 20.606061 | BZ22: ='CAAC Data'!F97 -> 22.896226 | CA22: ='CAAC Data'!G97 -> 23.724409 | CB22: ='CAAC Data'!H97 -> 23.383234 | CC22: ='CAAC Data'!I97 -> 20.149038 | ... CG22: ='CAAC Data'!M97 -> 10.78 | CH22: ='CAAC Data'!O65 -> 0 | CI22: ='CAAC Data'!P65 -> 0 | CJ22: ='CAAC Data'!Q65 -> 0 | CK22: ='CAAC Data'!R65 -> 0 | CL22: ='CAAC Data'!N65 -> 0 | CM22: ='CAAC Data'!B65 -> 0 | CN22: ='CAAC Data'!C65 -> 0 | CO22: ='CAAC Data'!D65 -> 0 | CP22: ='CAAC Data'!E65 -> 0 | CQ22: ='CAAC Data'!F65 -> 0 | CR22: ='CAAC Data'!G65 -> 0 | CS22: ='CAAC Data'!H65 -> 0 | CT22: ='CAAC Data'!I65 -> 0 | ... CX22: ='CAAC Data'!M65 -> 0 | CY22: ='CAAC Data'!O38 -> 0.028435147 | CZ22: ='CAAC Data'!P38 -> 0.054925711 | DA22: ='CAAC Data'!Q38 -> 0.027645356 | DB22: ='CAAC Data'!R38 -> 0.051480156 | DD22: ='CAAC Data'!B30 -> 0.13220978 | DE22: ='CAAC Data'!C30 -> -0.015412932 | DF22: ='CAAC Data'!D30 -> 0.035103604 | DG22: ='CAAC Data'!E30 -> 0.089008043 | DH22: ='CAAC Data'!F30 -> 0.081534202 | DI22: ='CAAC Data'!G30 -> 0.043535328 | DJ22: ='CAAC Data'!H30 -> 0.038822032 | DK22: ='CAAC Data'!I30 -> 0.033416979 | ... DO22: ='CAAC Data'!M30 -> 0.063622163
A23: Air Industry Domestic | B23: 0.087711662 | C23: 0.10188276 | D23: 0.10975386 | E23: 0.15565676 | G23: ='CAAC Data'!O238 -> 18151 | H23: ='CAAC Data'!P238 -> 18428 | I23: ='CAAC Data'!Q238 -> 19578 | J23: ='CAAC Data'!R238 -> 18745 | L23: ='CAAC Data'!O213 -> 21128 | M23: ='CAAC Data'!P213 -> 21336 | N23: ='CAAC Data'!Q213 -> 22406 | O23: ='CAAC Data'!R213 -> 20422 | P23: ='CAAC Data'!M213 -> 7020 | Q23: ='CAAC Data'!N213 -> 85292 | R23: 0.089 | S23: ='CAAC Data'!P188 -> -0.98350206 | T23: ='CAAC Data'!Q188 -> -0.99616054 | U23: ='CAAC Data'!R188 -> -0.99576477 | V23: ='CAAC Data'!N188 -> -0.87669418 | W23: ='CAAC Data'!B188 -> 0.027860274 | X23: ='CAAC Data'!C188 -> -0.83886663 | Y23: 0.027 | Z23: ='CAAC Data'!E188 -> -0.98835578 | AA23: ='CAAC Data'!F188 -> -0.98392555 | AB23: ='CAAC Data'!G188 -> -0.9782181 | AC23: ='CAAC Data'!H188 -> -0.97672907 | AD23: ='CAAC Data'!I188 -> -0.97546244 | AE23: ='CAAC Data'!J188 -> -0.96852372 | AF23: ='CAAC Data'!K188 -> -0.96776568 | AG23: ='CAAC Data'!L188 -> -0.97139831 | AH23: ='CAAC Data'!M188 -> -0.97222222 | AI23: ='CAAC Data'!O162 -> -0.2039801 | AJ23: ='CAAC Data'!P162 -> 0.24583333 | AK23: ='CAAC Data'!Q162 -> -0.081939799 | AL23: ='CAAC Data'!R162 -> -0.19489982 | AM23: ='CAAC Data'!N162 -> 0 | AN23: ='CAAC Data'!B162 -> -0.97464387 | AO23: ='CAAC Data'!C162 -> -0.33707865 | AP23: ='CAAC Data'!D162 -> 0.55932203 | AQ23: ='CAAC Data'!E162 -> 0.016304348 | AR23: ='CAAC Data'!F162 -> 0.12834225 | AS23: ='CAAC Data'!G162 -> -0.052132701 | AT23: ='CAAC Data'!H162 -> 0.065 | AU23: ='CAAC Data'!I162 -> -0.1971831 | ... AY23: ='CAAC Data'!M162 -> 0.20289855 | AZ23: ='CAAC Data'!O133 -> 274 | BA23: ='CAAC Data'!P133 -> 310 | BB23: ='CAAC Data'!Q133 -> 536 | BC23: ='CAAC Data'!R133 -> 741 | BD23: ='CAAC Data'!N133 -> 1861 | BE23: ='CAAC Data'!B133 -> 92 | BF23: ='CAAC Data'!C133 -> 82 | BG23: ='CAAC Data'!D133 -> 100 | BH23: ='CAAC Data'!E133 -> 93 | BI23: ='CAAC Data'!F133 -> 100 | BJ23: ='CAAC Data'!G133 -> 117 | BK23: ='CAAC Data'!H133 -> 146 | BL23: ='CAAC Data'!I133 -> 178 | ... BP23: ='CAAC Data'!M133 -> 308 | BQ23: ='CAAC Data'!O102 -> 7.1824818 | BR23: ='CAAC Data'!P102 -> 18.764516 | BS23: ='CAAC Data'!Q102 -> 18.106343 | BT23: ='CAAC Data'!R102 -> 13.093117 | BU23: ='CAAC Data'!N102 -> 14.611499 | BV23: ='CAAC Data'!B102 -> 3.8043478 | BW23: ='CAAC Data'!C102 -> 7.6097561 | BX23: ='CAAC Data'!D102 -> 9.94 | BY23: ='CAAC Data'!E102 -> 16.44086 | BZ23: ='CAAC Data'!F102 -> 18.76 | CA23: ='CAAC Data'!G102 -> 20.615385 | CB23: ='CAAC Data'!H102 -> 21.965753 | CC23: ='CAAC Data'!I102 -> 19.477528 | ... CG23: ='CAAC Data'!M102 -> 11.948052 | CH23: ='CAAC Data'!O70 -> 0 | CI23: ='CAAC Data'!P70 -> 0 | CJ23: ='CAAC Data'!Q70 -> 0 | CK23: ='CAAC Data'!R70 -> 0 | CL23: ='CAAC Data'!N70 -> 0 | CM23: ='CAAC Data'!B70 -> 0 | CN23: ='CAAC Data'!C70 -> 0 | CO23: ='CAAC Data'!D70 -> 0 | CP23: ='CAAC Data'!E70 -> 0 | CQ23: ='CAAC Data'!F70 -> 0 | CR23: ='CAAC Data'!G70 -> 0 | CS23: ='CAAC Data'!H70 -> 0 | CT23: ='CAAC Data'!I70 -> 0 | ... CX23: ='CAAC Data'!M70 -> 0 | CY23: ='CAAC Data'!O42 -> 0.002887164 | CZ23: ='CAAC Data'!P42 -> 0.015091864 | DD23: ='CAAC Data'!B34 -> 0.11108344 | DE23: ='CAAC Data'!C34 -> -0.033474203 | DF23: ='CAAC Data'!D34 -> 0.015071692 | DG23: ='CAAC Data'!E34 -> 0.07286766 | DH23: ='CAAC Data'!F34 -> 0.065472596 | DI23: ='CAAC Data'!G34 -> 0.028626936 | DJ23: ='CAAC Data'!H34 -> 0.028079943 | DK23: ='CAAC Data'!I34 -> 0.022342617 | ... DO23: ='CAAC Data'!M34 -> 0.060561744 | DP23: vs 2024
A24: Air Industry International (含港澳台） | BQ24: ='CAAC Data'!O112 -> Q1 | BR24: ='CAAC Data'!P112 -> Q2 | BS24: ='CAAC Data'!Q112 -> Q3 | BT24: ='CAAC Data'!R112 -> Q4 | BU24: ='CAAC Data'!R112 -> Q4 | CE24: ='CAAC Data'!K112 -> Oct | CF24: ='CAAC Data'!L112 -> Nov | CG24: ='CAAC Data'!M112 -> Dec | CH24: ='CAAC Data'!O80 -> Q1 | CI24: ='CAAC Data'!P80 -> Q2 | CJ24: ='CAAC Data'!Q80 -> Q3 | CK24: ='CAAC Data'!R80 -> Q4 | CL24: ='CAAC Data'!N80 -> Year | CM24: ='CAAC Data'!B80 -> Jan | CN24: ='CAAC Data'!C80 -> Feb | CO24: ='CAAC Data'!D80 -> Mar | CP24: ='CAAC Data'!E80 -> Apr | CQ24: ='CAAC Data'!F80 -> May | CR24: ='CAAC Data'!G80 -> Jun | CS24: ='CAAC Data'!H80 -> Jul | CT24: ='CAAC Data'!I80 -> Aug | ... CX24: ='CAAC Data'!M80 -> Dec | CY24: ='CAAC Data'!O50 -> -0.017361111 | CZ24: ='CAAC Data'!P50 -> 0.023031826 | DD24: ='CAAC Data'!B42 -> 0.09121765 | DE24: ='CAAC Data'!C42 -> -0.051659989 | DF24: ='CAAC Data'!D42 -> -0.031546188 | DG24: ='CAAC Data'!E42 -> 0.013748597 | DH24: ='CAAC Data'!F42 -> 0.017907501 | DI24: ='CAAC Data'!G42 -> 0.013631254 | DJ24: ='CAAC Data'!H42 -> 0.031201248 | DK24: ='CAAC Data'!I42 -> 0.053856801 | ... DO24: ='CAAC Data'!M42 -> 0.091737892 | DP24: vs 2019
A25: Air Industry Regional (港澳台） | B25: 0.05108055 | C25: -0.025937749 | D25: -0.073217726 | E25: -0.09194499 | F25: ='CAAC Data'!N254 -> 0 | G25: ='CAAC Data'!O254 -> 0 | H25: ='CAAC Data'!P254 -> 0 | I25: ='CAAC Data'!Q254 -> 0 | J25: ='CAAC Data'!R254 -> 0 | K25: ='CAAC Data'!S254 -> 0 | L25: ='CAAC Data'!O229 -> 0 | M25: ='CAAC Data'!P229 -> 0 | N25: ='CAAC Data'!Q229 -> 0 | O25: ='CAAC Data'!R229 -> 0 | P25: ='CAAC Data'!M229 -> 0 | Q25: ='CAAC Data'!N229 -> 0 | R25: 0.138 | S25: ='CAAC Data'!P204 -> 0 | T25: ='CAAC Data'!Q204 -> 0 | U25: ='CAAC Data'!R204 -> 0 | V25: ='CAAC Data'!N204 -> 0 | W25: ='CAAC Data'!B204 -> 0 | X25: ='CAAC Data'!C204 -> 0 | Y25: 0.141 | Z25: ='CAAC Data'!E204 -> 0 | AA25: ='CAAC Data'!F204 -> 0 | AB25: ='CAAC Data'!G204 -> 0 | AC25: ='CAAC Data'!H204 -> 0 | AD25: ='CAAC Data'!I204 -> 0 | AE25: ='CAAC Data'!J204 -> 0 | AF25: ='CAAC Data'!K204 -> 0 | AG25: ='CAAC Data'!L204 -> 0 | AH25: ='CAAC Data'!M204 -> 0 | AI25: ='CAAC Data'!O178 -> 0 | AJ25: ='CAAC Data'!P178 -> 0 | AK25: ='CAAC Data'!Q178 -> 0 | AL25: ='CAAC Data'!R178 -> 0 | AM25: ='CAAC Data'!N178 -> 0 | AN25: ='CAAC Data'!B178 -> 0 | AO25: ='CAAC Data'!C178 -> 0 | AP25: ='CAAC Data'!D178 -> 0 | AQ25: ='CAAC Data'!E178 -> 0 | AR25: ='CAAC Data'!F178 -> 0 | AS25: ='CAAC Data'!G178 -> 0 | AT25: ='CAAC Data'!H178 -> 0 | AU25: ='CAAC Data'!I178 -> 0 | ... AY25: ='CAAC Data'!M178 -> 0 | AZ25: ='CAAC Data'!O153 -> 0 | BA25: ='CAAC Data'!P153 -> 0 | BB25: ='CAAC Data'!Q153 -> 0 | BC25: ='CAAC Data'!R153 -> 0 | BD25: ='CAAC Data'!N153 -> 0 | BE25: ='CAAC Data'!B153 -> 0 | BF25: ='CAAC Data'!C153 -> 0 | BG25: ='CAAC Data'!D153 -> 0 | BH25: ='CAAC Data'!E153 -> 0 | BI25: ='CAAC Data'!F153 -> 0 | BJ25: ='CAAC Data'!G153 -> 0 | BK25: ='CAAC Data'!H153 -> 0 | BL25: ='CAAC Data'!I153 -> 0 | ... BP25: ='CAAC Data'!M153 -> 0 | BQ25: ='CAAC Data'!O122 -> 0 | BR25: ='CAAC Data'!P122 -> 0 | BS25: ='CAAC Data'!Q122 -> 0 | BT25: ='CAAC Data'!R122 -> 0 | BU25: ='CAAC Data'!N122 -> 0 | BV25: ='CAAC Data'!B122 -> 0 | BW25: ='CAAC Data'!C122 -> 0 | BX25: ='CAAC Data'!D122 -> 0 | BY25: ='CAAC Data'!E122 -> 0 | BZ25: ='CAAC Data'!F122 -> 0 | CA25: ='CAAC Data'!G122 -> 0 | CB25: ='CAAC Data'!H122 -> 0 | CC25: ='CAAC Data'!I122 -> 0 | ... CG25: ='CAAC Data'!M122 -> 0 | CH25: ='CAAC Data'!O90 -> 0 | CI25: ='CAAC Data'!P90 -> 0 | CJ25: ='CAAC Data'!Q90 -> 0 | CK25: ='CAAC Data'!R90 -> 0 | CL25: ='CAAC Data'!N90 -> 0 | CM25: ='CAAC Data'!B90 -> 0 | CN25: ='CAAC Data'!C90 -> 0 | CO25: ='CAAC Data'!D90 -> 0 | CP25: ='CAAC Data'!E90 -> 0 | CQ25: ='CAAC Data'!F90 -> 0 | CR25: ='CAAC Data'!G90 -> 0 | CS25: ='CAAC Data'!H90 -> 0 | CT25: ='CAAC Data'!I90 -> 0 | ... CX25: ='CAAC Data'!M90 -> 0 | CY25: ='CAAC Data'!O59 -> 160804 | CZ25: ='CAAC Data'!P59 -> 155543.5 | DD25: ='CAAC Data'!B51 -> -0.18373494 | DE25: ='CAAC Data'!C51 -> -0.32019704 | DF25: ='CAAC Data'!D51 -> -0.25610948 | DG25: ='CAAC Data'!E51 -> -0.22519084 | DH25: ='CAAC Data'!F51 -> -0.23656927 | DI25: ='CAAC Data'!G51 -> -0.20676329 | DJ25: ='CAAC Data'!H51 -> -0.23865699 | DK25: ='CAAC Data'!I51 -> -0.027777778 | ... DO25: ='CAAC Data'!M51 -> 0.18965517
A26: Air Industry Pure Intl. | B26: 0.31084163 | C26: 0.23291712 | D26: 0.26009922 | E26: 0.11605593 | G26: ='CAAC Data'!O250 -> Q1 | H26: ='CAAC Data'!P250 -> Q2 | I26: ='CAAC Data'!Q250 -> Q3 | J26: ='CAAC Data'!R250 -> Q4 | L26: ='CAAC Data'!O225 -> Q1 | M26: ='CAAC Data'!P225 -> Q2 | N26: ='CAAC Data'!Q225 -> Q3 | O26: ='CAAC Data'!R225 -> Q4 | P26: ='CAAC Data'!M225 -> Dec | Q26: ='CAAC Data'!N225 -> Year | R26: 0.167 | S26: 0.163 | T26: ='CAAC Data'!Q200 -> Q3 | U26: ='CAAC Data'!R200 -> Q4 | V26: ='CAAC Data'!N200 -> Year | W26: ='CAAC Data'!B200 -> Jan | X26: ='CAAC Data'!C200 -> Feb | Y26: 0.141 | Z26: ='CAAC Data'!E200 -> Apr | AA26: ='CAAC Data'!F200 -> May | AB26: ='CAAC Data'!G200 -> Jun | AC26: ='CAAC Data'!H200 -> Jul | AD26: ='CAAC Data'!I200 -> Aug | AE26: ='CAAC Data'!J200 -> Sep | AF26: ='CAAC Data'!K200 -> Oct | AG26: ='CAAC Data'!L200 -> Nov | AH26: ='CAAC Data'!M200 -> Dec | AI26: ='CAAC Data'!O174 -> Q1 | AJ26: ='CAAC Data'!P174 -> Q2 | AK26: ='CAAC Data'!Q174 -> Q3 | AL26: ='CAAC Data'!R174 -> Q4 | AM26: ='CAAC Data'!N174 -> Year | AN26: ='CAAC Data'!B174 -> Jan | AO26: ='CAAC Data'!C174 -> Feb | AP26: ='CAAC Data'!D174 -> Mar | AQ26: ='CAAC Data'!E174 -> Apr | AR26: ='CAAC Data'!F174 -> May | AS26: ='CAAC Data'!G174 -> Jun | AT26: ='CAAC Data'!H174 -> Jul | AU26: ='CAAC Data'!I174 -> Aug | ... AY26: ='CAAC Data'!M174 -> Dec | AZ26: ='CAAC Data'!O148 -> 0 | BA26: ='CAAC Data'!P148 -> 0 | BB26: ='CAAC Data'!Q148 -> 0 | BC26: ='CAAC Data'!R148 -> 0 | BD26: ='CAAC Data'!N148 -> 0 | BE26: ='CAAC Data'!B148 -> 0 | BF26: ='CAAC Data'!C148 -> 0 | BG26: ='CAAC Data'!D148 -> 0 | BH26: ='CAAC Data'!E148 -> 0 | BI26: ='CAAC Data'!F148 -> 0 | BJ26: ='CAAC Data'!G148 -> 0 | BK26: ='CAAC Data'!H148 -> 0 | BL26: ='CAAC Data'!I148 -> 0 | ... BP26: ='CAAC Data'!M148 -> 0 | BQ26: ='CAAC Data'!O117 -> 0 | BR26: ='CAAC Data'!P117 -> 0 | BS26: ='CAAC Data'!Q117 -> 0 | BT26: ='CAAC Data'!R117 -> 0 | BU26: ='CAAC Data'!N117 -> 0 | BV26: ='CAAC Data'!B117 -> 0 | BW26: ='CAAC Data'!C117 -> 0 | BX26: ='CAAC Data'!D117 -> 0 | BY26: ='CAAC Data'!E117 -> 0 | BZ26: ='CAAC Data'!F117 -> 0 | CA26: ='CAAC Data'!G117 -> 0 | CB26: ='CAAC Data'!H117 -> 0 | CC26: ='CAAC Data'!I117 -> 0 | ... CG26: ='CAAC Data'!M117 -> 0 | CH26: ='CAAC Data'!O85 -> 0 | CI26: ='CAAC Data'!P85 -> 0 | CJ26: ='CAAC Data'!Q85 -> 0 | CK26: ='CAAC Data'!R85 -> 0 | CL26: ='CAAC Data'!N85 -> 0 | CM26: ='CAAC Data'!B85 -> 0 | CN26: ='CAAC Data'!C85 -> 0 | CO26: ='CAAC Data'!D85 -> 0 | CP26: ='CAAC Data'!E85 -> 0 | CQ26: ='CAAC Data'!F85 -> 0 | CR26: ='CAAC Data'!G85 -> 0 | CS26: ='CAAC Data'!H85 -> 0 | CT26: ='CAAC Data'!I85 -> 0 | ... CX26: ='CAAC Data'!M85 -> 0 | CY26: ='CAAC Data'!O55 -> 177228 | CZ26: ='CAAC Data'!P55 -> 173486 | DD26: ='CAAC Data'!B47 -> 0.1362963 | DE26: ='CAAC Data'!C47 -> -0.006027122 | DF26: ='CAAC Data'!D47 -> 0.0064505458 | DG26: ='CAAC Data'!E47 -> 0.054934211 | DH26: ='CAAC Data'!F47 -> 0.062676173 | DI26: ='CAAC Data'!G47 -> 0.051142904 | DJ26: ='CAAC Data'!H47 -> 0.076327769 | DK26: ='CAAC Data'!I47 -> 0.064755384 | ... DO26: ='CAAC Data'!M47 -> 0.080961417
A27: Air Industry Regional + Int'l | G27: ='CAAC Data'!O246 -> 2664 | H27: ='CAAC Data'!P246 -> 2791 | I27: ='CAAC Data'!Q246 -> 2947 | J27: ='CAAC Data'!R246 -> 2868 | L27: ='CAAC Data'!O221 -> 3034 | M27: ='CAAC Data'!P221 -> 3144 | N27: ='CAAC Data'!Q221 -> 2746 | O27: ='CAAC Data'!R221 -> 2150 | R27: ='CAAC Data'!O196 -> -0.74324324 | S27: ='CAAC Data'!P196 -> -0.99077608 | T27: ='CAAC Data'!Q196 -> -0.99714362 | U27: ='CAAC Data'!R196 -> -0.99564195 | V27: ='CAAC Data'!N196 -> -0.91322016
A28: Top 4 | B28: 0.060036962 | C28: 0.05812427 | D28: 0.058366282 | E28: 0.10286248 | G28: 0.14579564 | H28: 0.13840441 | I28: 0.11539155 | J28: 0.16008565 | L28: 0.098091979 | M28: 0.12461765 | N28: 0.095081407 | O28: 0.07717282 | P28: 0.065459285 | Q28: 0.098298189 | R28: ='Top 4 Total'!O109 -> -0.5421878 | S28: 0.058 | T28: ='Top 4 Total'!Q109 -> -0.27111561 | U28: ='Top 4 Total'!R109 -> -0.19752605 | V28: =AVERAGE(R28:U28) -> -0.23820737 | W28: ='Top 4 Total'!B109 -> -0.046842394 | X28: ='Top 4 Total'!C109 -> -0.85757162 | Y28: ='Top 4 Total'!D109 -> -0.72302854 | Z28: ='Top 4 Total'!E109 -> -0.71107623 | AA28: ='Top 4 Total'!F109 -> -0.56828482 | AB28: ='Top 4 Total'!G109 -> -0.47586373 | AC28: ='Top 4 Total'!H109 -> -0.37369303 | AD28: ='Top 4 Total'!I109 -> -0.2885702 | ... AH28: ='Top 4 Total'!M109 -> -0.26173441 | AN28: ='Top 4 Total'!N109 -> 0 | AO28: ='Top 4 Total'!O109 -> -0.5421878 | AP28: ='Top 4 Total'!P109 -> -0.5846731 | AQ28: ='Top 4 Total'!Q109 -> -0.27111561 | AR28: ='Top 4 Total'!R109 -> -0.19752605 | AS28: ='Top 4 Total'!S109 -> -0.39512331 | AT28: ='Top 4 Total'!T109 -> 0
A29: Top 4 Domestic | B29: 0.034646531 | C29: 0.041705997 | D29: 0.042045547 | E29: 0.10895083 | G29: 0.15885514 | H29: 0.15682134 | I29: 0.12480783 | J29: 0.16222328 | L29: 0.097018099 | M29: 0.11363947 | N29: 0.091145877 | O29: 0.072192825 | P29: 0.056820942 | Q29: 0.093101817 | R29: ='Top4 Domestic'!O122 -> 0 | S29: 0.047 | T29: ='Top4 Domestic'!Q122 -> 0 | U29: ='Top4 Domestic'!R122 -> 0 | V29: =AVERAGE(R29:U29) -> 0.01175 | W29: ='Top4 Domestic'!B122 -> -1 | X29: ='Top4 Domestic'!C122 -> #DIV/0! | Y29: ='Top4 Domestic'!D122 -> #DIV/0! | Z29: ='Top4 Domestic'!E122 -> #DIV/0! | AA29: ='Top4 Domestic'!F122 -> #DIV/0! | AB29: ='Top4 Domestic'!G122 -> #DIV/0! | AC29: ='Top4 Domestic'!H122 -> #DIV/0! | AD29: ='Top4 Domestic'!I122 -> #DIV/0! | ... AH29: ='Top4 Domestic'!M122 -> #DIV/0! | AN29: ='Top4 Domestic'!N122 -> 0 | AO29: ='Top4 Domestic'!O122 -> 0 | AP29: ='Top4 Domestic'!P122 -> 0 | AQ29: ='Top4 Domestic'!Q122 -> 0 | AR29: ='Top4 Domestic'!R122 -> 0 | AS29: ='Top4 Domestic'!S122 -> 0 | AT29: ='Top4 Domestic'!T122 -> 0
A30: Top 4 Regional (港澳台） | B30: 0.094145204 | C30: 5.9756404e-05 | D30: -0.04779835 | E30: -0.071659694 | G30: -0.083474674 | H30: 0.0050705334 | I30: 0.094197073 | J30: 0.15460566 | L30: 0.097493155 | M30: 0.13401207 | N30: 0.099752247 | O30: 0.074324106 | P30: 0.086705343 | Q30: 0.10079624 | R30: ='Top4 Intl.+Reg'!O453 -> -1 | S30: ='Top4 Intl.+Reg'!P453 -> -1 | T30: ='Top4 Intl.+Reg'!Q453 -> -1 | U30: ='Top4 Intl.+Reg'!R453 -> -1 | V30: =AVERAGE(R30:U30) -> -1 | W30: ='Top4 Intl.+Reg'!B453 -> 0.30513065 | X30: ='Top4 Intl.+Reg'!C453 -> 0.20746758 | Y30: ='Top4 Intl.+Reg'!D453 -> 0.18114638 | Z30: ='Top4 Intl.+Reg'!E453 -> 0.21334841 | AA30: ='Top4 Intl.+Reg'!F453 -> 0.19381585 | AB30: ='Top4 Intl.+Reg'!G453 -> 0.21771282 | AC30: ='Top4 Intl.+Reg'!H453 -> 0.20284157 | AD30: ='Top4 Intl.+Reg'!I453 -> 0.20591061 | ... AH30: ='Top4 Intl.+Reg'!M453 -> -0.085921118 | AN30: ='Top4 Intl.+Reg'!N453 -> 0 | AO30: ='Top4 Intl.+Reg'!O453 -> -1 | AP30: ='Top4 Intl.+Reg'!P453 -> -1 | AQ30: ='Top4 Intl.+Reg'!Q453 -> -1 | AR30: ='Top4 Intl.+Reg'!R453 -> -1 | AS30: ='Top4 Intl.+Reg'!S453 -> -1 | AT30: ='Top4 Intl.+Reg'!T453 -> 0
A31: Top 4 International | B31: 0.23300681 | C31: 0.1919311 | D31: 0.20632696 | E31: 0.097730886 | G31: 0.1158186 | H31: 0.037943055 | I31: 0.055793714 | J31: 0.14542448 | L31: 0.10587235 | M31: 0.20714073 | N31: 0.12276586 | O31: 0.11536644 | P31: 0.12183289 | Q31: 0.13623741 | R31: ='Top4 Intl.+Reg'!O436 -> 0 | S31: ='Top4 Intl.+Reg'!P436 -> 0 | T31: ='Top4 Intl.+Reg'!Q436 -> 0 | U31: ='Top4 Intl.+Reg'!R436 -> 0 | V31: =AVERAGE(R31:U31) -> 0 | W31: ='Top4 Intl.+Reg'!B436 -> 0.060410406 | X31: ='Top4 Intl.+Reg'!C436 -> 0.00039853869 | Y31: ='Top4 Intl.+Reg'!D436 -> 0.025496315 | Z31: ='Top4 Intl.+Reg'!E436 -> 0.063148808 | AA31: ='Top4 Intl.+Reg'!F436 -> -0.019792534 | AB31: ='Top4 Intl.+Reg'!G436 -> 0.067017355 | AC31: ='Top4 Intl.+Reg'!H436 -> 0.10791507 | AD31: ='Top4 Intl.+Reg'!I436 -> 0.066728566 | ... AH31: ='Top4 Intl.+Reg'!M436 -> 0.11537459 | AN31: ='Top4 Intl.+Reg'!N436 -> 0 | AO31: ='Top4 Intl.+Reg'!O436 -> 0 | AP31: ='Top4 Intl.+Reg'!P436 -> 0 | AQ31: ='Top4 Intl.+Reg'!Q436 -> 0 | AR31: ='Top4 Intl.+Reg'!R436 -> 0 | AS31: ='Top4 Intl.+Reg'!S436 -> 0 | AT31: ='Top4 Intl.+Reg'!T436 -> 0
A32: Top 3 | R32: ='Top 4 Total'!O107 -> -0.56986443 | S32: ='Top 4 Total'!P107 -> -0.6254565 | T32: ='Top 4 Total'!Q107 -> -0.26959787 | U32: ='Top 4 Total'!R107 -> -0.25704435 | V32: ='Top 4 Total'!S107 -> -0.4278141 | W32: ='Top 4 Total'!B107 -> -0.052897837 | X32: ='Top 4 Total'!C107 -> -0.87464588 | Y32: ='Top 4 Total'!D107 -> -0.78749561 | Z32: ='Top 4 Total'!E107 -> -0.7472566 | AA32: ='Top 4 Total'!F107 -> -0.61684096 | AB32: ='Top 4 Total'!G107 -> -0.51450334 | AC32: ='Top 4 Total'!H107 -> -0.37201805 | AD32: ='Top 4 Total'!I107 -> -0.28192584 | ... AH32: ='Top 4 Total'!M107 -> -0.33119213 | AI32: ='Top 4 Total'!O91 -> -0.44695507 | AJ32: ='Top 4 Total'!P91 -> -0.16983369 | AK32: ='Top 4 Total'!Q91 -> -0.45452484 | AL32: ='Top 4 Total'!R91 -> -0.49685245 | AM32: =AVERAGE(AN32:AY32) -> -0.3915951 | AN32: ='Top 4 Total'!B91 -> -0.51938123 | AO32: ='Top 4 Total'!C91 -> -0.63160091 | AP32: ='Top 4 Total'!D91 -> -0.19130618 | AQ32: ='Top 4 Total'!E91 -> -0.11600694 | AR32: ='Top 4 Total'!F91 -> -0.14135063 | AS32: ='Top 4 Total'!G91 -> -0.25160861 | AT32: ='Top 4 Total'!H91 -> -0.23565579 | AU32: ='Top 4 Total'!I91 -> -0.70111633 | ... AY32: ='Top 4 Total'!M91 -> -0.54550347 | AZ32: ='Top 4 Total'!O75 -> 17635.48 | BA32: ='Top 4 Total'!P75 -> 26673.26 | BB32: ='Top 4 Total'!Q75 -> 18498.35 | BC32: ='Top 4 Total'!R75 -> 16247.55 | BD32: ='Top 4 Total'!S75 -> 79054.64 | BE32: ='Top 4 Total'!B75 -> 5141.65 | BF32: ='Top 4 Total'!C75 -> 3884.33 | BG32: ='Top 4 Total'!D75 -> 8609.5 | BH32: ='Top 4 Total'!E75 -> 9313.91 | BI32: ='Top 4 Total'!F75 -> 9335.09 | BJ32: ='Top 4 Total'!G75 -> 8024.26 | BK32: ='Top 4 Total'!H75 -> 8810.16 | BL32: ='Top 4 Total'!I75 -> 3557.98 | ... BP32: ='Top 4 Total'!M75 -> 4814.1 | BQ32: ='Top 4 Total'!O53 -> -0.17979259 | BR32: ='Top 4 Total'!P53 -> -0.0038653162 | BS32: ='Top 4 Total'!Q53 -> 0.053822446 | BT32: ='Top 4 Total'!R53 -> 0.01589989 | BU32: ='Top 4 Total'!S53 -> -0.02659402 | BV32: ='Top 4 Total'!B53 -> -0.23988752 | BW32: ='Top 4 Total'!C53 -> -0.16839229 | BX32: ='Top 4 Total'!D53 -> -0.1310878 | BY32: ='Top 4 Total'!E53 -> -0.021666188 | BZ32: ='Top 4 Total'!F53 -> -0.019176991 | CA32: ='Top 4 Total'!G53 -> 0.029419243 | CB32: ='Top 4 Total'!H53 -> 0.083248982 | CC32: ='Top 4 Total'!I53 -> 0.063011657 | ... CG32: ='Top 4 Total'!M53 -> 0.017375658 | CH32: ='Top 4 Total'!O35 -> 0.41717999 | CI32: ='Top 4 Total'!P35 -> 0.14064967 | CJ32: ='Top 4 Total'!Q35 -> 0.13820677 | CK32: ='Top 4 Total'!R35 -> 0.12393199 | CL32: ='Top 4 Total'!S35 -> 0.19238501 | CM32: ='Top 4 Total'!B35 -> 0.4922848 | CN32: ='Top 4 Total'!C35 -> 0.47449538 | CO32: ='Top 4 Total'!D35 -> 0.2968554 | CP32: ='Top 4 Total'!E35 -> 0.12948846 | CQ32: ='Top 4 Total'!F35 -> 0.17068663 | CR32: ='Top 4 Total'!G35 -> 0.12200837 | CS32: ='Top 4 Total'!H35 -> 0.11438303 | CT32: ='Top 4 Total'!I35 -> 0.15463699 | ... CX32: ='Top 4 Total'!M35 -> 0.09274874 | CY32: ='Top 4 Total'!O17 -> 116541.11 | CZ32: ='Top 4 Total'!P17 -> 117049.74 | DD32: ='Top 4 Total'!B23 -> 0.11148287 | DE32: ='Top 4 Total'!C23 -> -0.024893246 | DF32: ='Top 4 Total'!D23 -> 0.028238685 | DG32: ='Top 4 Total'!E23 -> 0.091331736 | DH32: ='Top 4 Total'!F23 -> 0.071183696 | DI32: ='Top 4 Total'!G23 -> 0.039154147 | DJ32: ='Top 4 Total'!H23 -> 0.039236328 | DK32: ='Top 4 Total'!I23 -> 0.029591751 | ... DO32: ='Top 4 Total'!M23 -> 0.073817485 | DP32: vs 2024
A33: Top 3 Domestic | R33: ='Top4 Domestic'!O120 -> 0 | S33: ='Top4 Domestic'!P120 -> 0 | T33: ='Top4 Domestic'!Q120 -> 0 | U33: ='Top4 Domestic'!R120 -> 0 | V33: ='Top4 Domestic'!S120 -> 0 | W33: ='Top4 Domestic'!B120 -> -0.041269592 | X33: ='Top4 Domestic'!C120 -> -0.82883829 | Y33: ='Top4 Domestic'!D120 -> 1.2032184 | Z33: ='Top4 Domestic'!E120 -> -0.042159309 | AA33: ='Top4 Domestic'!F120 -> 0.52659394 | AB33: ='Top4 Domestic'!G120 -> 0.093073861 | AC33: ='Top4 Domestic'!H120 -> 0.31175206 | AD33: ='Top4 Domestic'!I120 -> 0.25333701 | ... AH33: ='Top4 Domestic'!M120 -> -0.10382426 | AI33: ='Top4 Domestic'!O95 -> 0 | AJ33: ='Top4 Domestic'!P95 -> 0 | AK33: ='Top4 Domestic'!Q95 -> 0 | AL33: ='Top4 Domestic'!R95 -> 0 | AM33: =AVERAGE(AN33:AY33) -> 0 | AN33: ='Top4 Domestic'!B95 -> 0 | AO33: ='Top4 Domestic'!C95 -> 0 | AP33: ='Top4 Domestic'!D95 -> 0 | AQ33: ='Top4 Domestic'!E95 -> 0 | AR33: ='Top4 Domestic'!F95 -> 0 | AS33: ='Top4 Domestic'!G95 -> 0 | AT33: ='Top4 Domestic'!H95 -> 0 | AU33: ='Top4 Domestic'!I95 -> 0 | ... AY33: ='Top4 Domestic'!M95 -> 0 | AZ33: ='Top4 Domestic'!O76 -> 17529.23 | BA33: ='Top4 Domestic'!P76 -> 26520.05 | BB33: ='Top4 Domestic'!Q76 -> 18353.2 | BC33: ='Top4 Domestic'!R76 -> 16110.26 | BD33: ='Top4 Domestic'!S76 -> 78512.74 | BE33: ='Top4 Domestic'!B76 -> 5101.74 | BF33: ='Top4 Domestic'!C76 -> 3859.27 | BG33: ='Top4 Domestic'!D76 -> 8568.22 | BH33: ='Top4 Domestic'!E76 -> 9270.04 | BI33: ='Top4 Domestic'!F76 -> 9281.53 | BJ33: ='Top4 Domestic'!G76 -> 7968.48 | BK33: ='Top4 Domestic'!H76 -> 8747.36 | BL33: ='Top4 Domestic'!I76 -> 3517.81 | ... BP33: ='Top4 Domestic'!M76 -> 4759.38 | BQ33: ='Top4 Domestic'!O53 -> -0.040910743 | BR33: ='Top4 Domestic'!P53 -> 0.12557026 | BS33: ='Top4 Domestic'!Q53 -> 0.14527684 | BT33: ='Top4 Domestic'!R53 -> 0.081086943 | BU33: ='Top4 Domestic'!S53 -> 0.079273157 | BV33: ='Top4 Domestic'!B53 -> -0.10060193 | BW33: ='Top4 Domestic'!C53 -> -0.027470078 | BX33: ='Top4 Domestic'!D53 -> 0.0051621541 | BY33: ='Top4 Domestic'!E53 -> 0.124048 | BZ33: ='Top4 Domestic'!F53 -> 0.10571971 | CA33: ='Top4 Domestic'!G53 -> 0.14737865 | CB33: ='Top4 Domestic'!H53 -> 0.18916105 | CC33: ='Top4 Domestic'!I53 -> 0.15622331 | ... CG33: ='Top4 Domestic'!M53 -> 0.073917773 | CH33: ='Top4 Domestic'!O35 -> 0.28825738 | CI33: ='Top4 Domestic'!P35 -> 0.056132615 | CJ33: ='Top4 Domestic'!Q35 -> 0.085496537 | CK33: ='Top4 Domestic'!R35 -> 0.077640853 | CL33: ='Top4 Domestic'!S35 -> 0.11977382 | CM33: ='Top4 Domestic'!B35 -> 0.34941029 | CN33: ='Top4 Domestic'!C35 -> 0.34008231 | CO33: ='Top4 Domestic'!D35 -> 0.18363574 | CP33: ='Top4 Domestic'!E35 -> 0.029102032 | CQ33: ='Top4 Domestic'!F35 -> 0.088346616 | CR33: ='Top4 Domestic'!G35 -> 0.050526552 | CS33: ='Top4 Domestic'!H35 -> 0.057695584 | CT33: ='Top4 Domestic'!I35 -> 0.10282006 | ... CX33: ='Top4 Domestic'!M35 -> 0.049103381 | CY33: ='Top4 Domestic'!O17 -> 99717.33 | CZ33: ='Top4 Domestic'!P17 -> 99766.72 | DD33: ='Top4 Domestic'!B23 -> 0.069011823 | DE33: ='Top4 Domestic'!C23 -> -0.044181466 | DF33: ='Top4 Domestic'!D23 -> 0.0052571209 | DG33: ='Top4 Domestic'!E23 -> 0.076865839 | DH33: ='Top4 Domestic'!F23 -> 0.055558075 | DI33: ='Top4 Domestic'!G23 -> 0.024025512 | DJ33: ='Top4 Domestic'!H23 -> 0.029756051 | DK33: ='Top4 Domestic'!I23 -> 0.017801266 | ... DO33: ='Top4 Domestic'!M23 -> 0.07044767
A34: Top 3 International (含港澳台） | BQ34: ='Top4 Intl.+Reg'!O224 -> 0 | BR34: ='Top4 Intl.+Reg'!P224 -> 0 | BS34: ='Top4 Intl.+Reg'!Q224 -> 0 | BT34: ='Top4 Intl.+Reg'!R224 -> 0 | BU34: ='Top4 Intl.+Reg'!S224 -> 0 | CE34: ='Top4 Intl.+Reg'!K224 -> 0 | CF34: ='Top4 Intl.+Reg'!L224 -> 0 | CG34: ='Top4 Intl.+Reg'!M224 -> 0 | CH34: ='Top4 Intl.+Reg'!O167 -> -0.21432554 | CI34: ='Top4 Intl.+Reg'!P167 -> -0.1993343 | CJ34: ='Top4 Intl.+Reg'!Q167 -> -0.04350295 | CK34: ='Top4 Intl.+Reg'!R167 -> 0.11652105 | CL34: ='Top4 Intl.+Reg'!S167 -> -0.10078032 | CM34: ='Top4 Intl.+Reg'!B167 -> -0.21312197 | CN34: ='Top4 Intl.+Reg'!C167 -> -0.18067272 | CO34: ='Top4 Intl.+Reg'!D167 -> -0.2489393 | CP34: ='Top4 Intl.+Reg'!E167 -> -0.19441467 | CQ34: ='Top4 Intl.+Reg'!F167 -> -0.21456561 | CR34: ='Top4 Intl.+Reg'!G167 -> -0.18879687 | CS34: ='Top4 Intl.+Reg'!H167 -> -0.1646537 | CT34: ='Top4 Intl.+Reg'!I167 -> 0.019185849 | ... CX34: ='Top4 Intl.+Reg'!M167 -> 0.1299025 | CY34: ='Top4 Intl.+Reg'!O111 -> -1 | CZ34: ='Top4 Intl.+Reg'!P111 -> -1 | DD34: ='Top4 Intl.+Reg'!B73 -> 0.082333456 | DE34: ='Top4 Intl.+Reg'!C73 -> -0.047406033 | DF34: ='Top4 Intl.+Reg'!D73 -> -0.020269009 | DG34: ='Top4 Intl.+Reg'!E73 -> 0.021426009 | DH34: ='Top4 Intl.+Reg'!F73 -> 0.033554706 | DI34: ='Top4 Intl.+Reg'!G73 -> 0.074639335 | DJ34: ='Top4 Intl.+Reg'!H73 -> 0.05355812 | DK34: ='Top4 Intl.+Reg'!I73 -> 0.092141463 | ... DO34: ='Top4 Intl.+Reg'!M73 -> 0.10983376 | DP34: vs 2019
A35: Top 3 Regional (港澳台） | R35: ='Top4 Intl.+Reg'!O451 -> 0.16745703 | S35: ='Top4 Intl.+Reg'!P451 -> 0.13360484 | T35: ='Top4 Intl.+Reg'!Q451 -> 0.068133603 | U35: ='Top4 Intl.+Reg'!R451 -> 0.079161726 | V35: ='Top4 Intl.+Reg'!S451 -> 0.11072053 | W35: ='Top4 Intl.+Reg'!B451 -> 0.19616047 | X35: ='Top4 Intl.+Reg'!C451 -> 0.15020332 | Y35: ='Top4 Intl.+Reg'!D451 -> 0.15600097 | Z35: ='Top4 Intl.+Reg'!E451 -> 0.14496124 | AA35: ='Top4 Intl.+Reg'!F451 -> 0.16145579 | AB35: ='Top4 Intl.+Reg'!G451 -> 0.094925184 | AC35: ='Top4 Intl.+Reg'!H451 -> 0.052758495 | AD35: ='Top4 Intl.+Reg'!I451 -> 0.074341874 | ... AH35: ='Top4 Intl.+Reg'!M451 -> 0.09707936 | AI35: ='Top4 Intl.+Reg'!O392 -> #VALUE! | AJ35: ='Top4 Intl.+Reg'!P392 -> #VALUE! | AK35: ='Top4 Intl.+Reg'!Q392 -> #VALUE! | AL35: ='Top4 Intl.+Reg'!R392 -> #VALUE! | AM35: =AVERAGE(AN35:AY35) -> -0.87014302 | AN35: ='Top4 Intl.+Reg'!B392 -> 0.0090534979 | AO35: ='Top4 Intl.+Reg'!C392 -> -0.77218826 | AP35: ='Top4 Intl.+Reg'!D392 -> -0.9005626 | AQ35: ='Top4 Intl.+Reg'!E392 -> -0.98964116 | AR35: ='Top4 Intl.+Reg'!F392 -> -0.98212408 | AS35: ='Top4 Intl.+Reg'!G392 -> -0.97404194 | AT35: ='Top4 Intl.+Reg'!H392 -> -0.97397099 | AU35: ='Top4 Intl.+Reg'!I392 -> -0.97046524 | ... AY35: ='Top4 Intl.+Reg'!M392 -> -0.97556803 | AZ35: ='Top4 Intl.+Reg'!O333 -> 44.75 | BA35: ='Top4 Intl.+Reg'!P333 -> 83.78 | BB35: ='Top4 Intl.+Reg'!Q333 -> 74.49 | BC35: ='Top4 Intl.+Reg'!R333 -> 71.49 | BD35: ='Top4 Intl.+Reg'!S333 -> 274.51 | BE35: ='Top4 Intl.+Reg'!B333 -> 17.29 | BF35: ='Top4 Intl.+Reg'!C333 -> 10.03 | BG35: ='Top4 Intl.+Reg'!D333 -> 17.43 | BH35: ='Top4 Intl.+Reg'!E333 -> 20.06 | BI35: ='Top4 Intl.+Reg'!F333 -> 30.66 | BJ35: ='Top4 Intl.+Reg'!G333 -> 33.06 | BK35: ='Top4 Intl.+Reg'!H333 -> 39.41 | BL35: ='Top4 Intl.+Reg'!I333 -> 14.37 | ... BP35: ='Top4 Intl.+Reg'!M333 -> 31.49 | BQ35: ='Top4 Intl.+Reg'!O262 -> 0 | BR35: ='Top4 Intl.+Reg'!P262 -> 0 | BS35: ='Top4 Intl.+Reg'!Q262 -> 0 | BT35: ='Top4 Intl.+Reg'!R262 -> 0 | BU35: ='Top4 Intl.+Reg'!S262 -> 0 | BV35: ='Top4 Intl.+Reg'!B262 -> 0 | BW35: ='Top4 Intl.+Reg'!C262 -> 0 | BX35: ='Top4 Intl.+Reg'!D262 -> 0 | BY35: ='Top4 Intl.+Reg'!E262 -> 0 | BZ35: ='Top4 Intl.+Reg'!F262 -> 0 | CA35: ='Top4 Intl.+Reg'!G262 -> 0 | CB35: ='Top4 Intl.+Reg'!H262 -> 0 | CC35: ='Top4 Intl.+Reg'!I262 -> 0 | ... CG35: ='Top4 Intl.+Reg'!M262 -> 0 | CH35: ='Top4 Intl.+Reg'!O205 -> 0 | CI35: ='Top4 Intl.+Reg'!P205 -> 0 | CJ35: ='Top4 Intl.+Reg'!Q205 -> 0 | CK35: ='Top4 Intl.+Reg'!R205 -> 0 | CL35: ='Top4 Intl.+Reg'!S205 -> 0 | CM35: ='Top4 Intl.+Reg'!B205 -> 0 | CN35: ='Top4 Intl.+Reg'!C205 -> 0 | CO35: ='Top4 Intl.+Reg'!D205 -> 0 | CP35: ='Top4 Intl.+Reg'!E205 -> 0 | CQ35: ='Top4 Intl.+Reg'!F205 -> 0 | CR35: ='Top4 Intl.+Reg'!G205 -> 0 | CS35: ='Top4 Intl.+Reg'!H205 -> 0 | CT35: ='Top4 Intl.+Reg'!I205 -> 0 | ... CX35: ='Top4 Intl.+Reg'!M205 -> 0 | CY35: ='Top4 Intl.+Reg'!O149 -> 0 | CZ35: ='Top4 Intl.+Reg'!P149 -> 0 | DD35: ='Top4 Intl.+Reg'!B110 -> -0.12446989 | DE35: ='Top4 Intl.+Reg'!C110 -> -0.26675068 | DF35: ='Top4 Intl.+Reg'!D110 -> -0.19820972 | DG35: ='Top4 Intl.+Reg'!E110 -> -0.19585162 | DH35: ='Top4 Intl.+Reg'!F110 -> -0.21142973 | DI35: ='Top4 Intl.+Reg'!G110 -> -0.16687117 | DJ35: ='Top4 Intl.+Reg'!H110 -> -0.14958502 | DK35: ='Top4 Intl.+Reg'!I110 -> -0.0073575783 | ... DO35: ='Top4 Intl.+Reg'!M110 -> -0.22546698
A36: Top 3 Pure Intl. | R36: ='Top4 Intl.+Reg'!O434 -> 0 | S36: ='Top4 Intl.+Reg'!P434 -> 0 | T36: ='Top4 Intl.+Reg'!Q434 -> 0 | U36: ='Top4 Intl.+Reg'!R434 -> 0 | V36: ='Top4 Intl.+Reg'!S434 -> 0 | W36: ='Top4 Intl.+Reg'!B434 -> 0.082403096 | X36: ='Top4 Intl.+Reg'!C434 -> -0.049647595 | Y36: ='Top4 Intl.+Reg'!D434 -> 0.060366452 | Z36: ='Top4 Intl.+Reg'!E434 -> 0.017433788 | AA36: ='Top4 Intl.+Reg'!F434 -> -0.028659523 | AB36: ='Top4 Intl.+Reg'!G434 -> -0.025862518 | AC36: ='Top4 Intl.+Reg'!H434 -> 0.046367521 | AD36: ='Top4 Intl.+Reg'!I434 -> 0.024147437 | ... AH36: ='Top4 Intl.+Reg'!M434 -> 0.069217815 | AI36: ='Top4 Intl.+Reg'!O375 -> 0 | AJ36: ='Top4 Intl.+Reg'!P375 -> 0 | AK36: ='Top4 Intl.+Reg'!Q375 -> 0 | AL36: ='Top4 Intl.+Reg'!R375 -> 0 | AM36: =AVERAGE(AN36:AY36) -> 0.012589938 | AN36: ='Top4 Intl.+Reg'!B375 -> 0.0073317765 | AO36: ='Top4 Intl.+Reg'!C375 -> -0.81383438 | AP36: ='Top4 Intl.+Reg'!D375 -> -0.54097886 | AQ36: ='Top4 Intl.+Reg'!E375 -> -0.89968454 | AR36: ='Top4 Intl.+Reg'!F375 -> 0.64150943 | AS36: ='Top4 Intl.+Reg'!G375 -> 0.60536398 | AT36: ='Top4 Intl.+Reg'!H375 -> -0.064439141 | AU36: ='Top4 Intl.+Reg'!I375 -> 0.25255102 | ... AY36: ='Top4 Intl.+Reg'!M375 -> 0.12063134 | AZ36: ='Top4 Intl.+Reg'!O308 -> 61.48 | BA36: ='Top4 Intl.+Reg'!P308 -> 69.43 | BB36: ='Top4 Intl.+Reg'!Q308 -> 70.65 | BC36: ='Top4 Intl.+Reg'!R308 -> 65.81 | BD36: ='Top4 Intl.+Reg'!S308 -> 267.37 | BE36: ='Top4 Intl.+Reg'!B308 -> 22.61 | BF36: ='Top4 Intl.+Reg'!C308 -> 15.02 | BG36: ='Top4 Intl.+Reg'!D308 -> 23.85 | BH36: ='Top4 Intl.+Reg'!E308 -> 23.8 | BI36: ='Top4 Intl.+Reg'!F308 -> 22.9 | BJ36: ='Top4 Intl.+Reg'!G308 -> 22.73 | BK36: ='Top4 Intl.+Reg'!H308 -> 23.39 | BL36: ='Top4 Intl.+Reg'!I308 -> 25.79 | ... BP36: ='Top4 Intl.+Reg'!M308 -> 23.24 | BQ36: ='Top4 Intl.+Reg'!O243 -> 0 | BR36: ='Top4 Intl.+Reg'!P243 -> 0 | BS36: ='Top4 Intl.+Reg'!Q243 -> 0 | BT36: ='Top4 Intl.+Reg'!R243 -> 0 | BU36: ='Top4 Intl.+Reg'!S243 -> 0 | BV36: ='Top4 Intl.+Reg'!B243 -> 0 | BW36: ='Top4 Intl.+Reg'!C243 -> 0 | BX36: ='Top4 Intl.+Reg'!D243 -> 0 | BY36: ='Top4 Intl.+Reg'!E243 -> 0 | BZ36: ='Top4 Intl.+Reg'!F243 -> 0 | CA36: ='Top4 Intl.+Reg'!G243 -> 0 | CB36: ='Top4 Intl.+Reg'!H243 -> 0 | CC36: ='Top4 Intl.+Reg'!I243 -> 0 | ... CG36: ='Top4 Intl.+Reg'!M243 -> 0 | CH36: ='Top4 Intl.+Reg'!O186 -> 0 | CI36: ='Top4 Intl.+Reg'!P186 -> 0 | CJ36: ='Top4 Intl.+Reg'!Q186 -> 0 | CK36: ='Top4 Intl.+Reg'!R186 -> 0 | CL36: ='Top4 Intl.+Reg'!S186 -> 0 | CM36: ='Top4 Intl.+Reg'!B186 -> 0 | CN36: ='Top4 Intl.+Reg'!C186 -> 0 | CO36: ='Top4 Intl.+Reg'!D186 -> 0 | CP36: ='Top4 Intl.+Reg'!E186 -> 0 | CQ36: ='Top4 Intl.+Reg'!F186 -> 0 | CR36: ='Top4 Intl.+Reg'!G186 -> 0 | CS36: ='Top4 Intl.+Reg'!H186 -> 0 | CT36: ='Top4 Intl.+Reg'!I186 -> 0 | ... CX36: ='Top4 Intl.+Reg'!M186 -> 0 | CY36: ='Top4 Intl.+Reg'!O130 -> 0 | CZ36: ='Top4 Intl.+Reg'!P130 -> 0 | DD36: ='Top4 Intl.+Reg'!B92 -> 0.12839875 | DE36: ='Top4 Intl.+Reg'!C92 -> 0.0035101973 | DF36: ='Top4 Intl.+Reg'!D92 -> 0.02382313 | DG36: ='Top4 Intl.+Reg'!E92 -> 0.071590147 | DH36: ='Top4 Intl.+Reg'!F92 -> 0.091397116 | DI36: ='Top4 Intl.+Reg'!G92 -> 0.13357265 | DJ36: ='Top4 Intl.+Reg'!H92 -> 0.11099227 | DK36: ='Top4 Intl.+Reg'!I92 -> 0.10926856 | ... DO36: ='Top4 Intl.+Reg'!M92 -> 0.12629327
AZ38: vs. 2019 | BQ38: 2023 vs. 2019 | DD38: 2024
A39: (YoY Growth) | B39: 16 Q1 | C39: 16 Q2 | D39: 16 Q3 | E39: 16 Q4 | G39: 17 Q1 | H39: 17Q2 | I39: 17Q3 | J39: 17Q4 | L39: 18 Q1 | M39: 18Q2 | N39: 18Q3 | O39: 18Q4 | P39: Dec | Q39: FY18 | R39: 19Q1 | S39: 19Q2 | T39: 19Q3 | U39: 19Q4 | V39: FY19 | W39: Jan | X39: Feb | Y39: Mar | Z39: Apr | AA39: May | AB39: June | AC39: July | AD39: August | AE39: September | AF39: October | AG39: November | AH39: December | AI39: 20Q1 | AJ39: 20Q2 | AK39: 20Q3 | AL39: 20Q4 | AM39: FY20 | AN39: January | AO39: February | AP39: March | AQ39: April | AR39: May | AS39: June | AT39: July | AU39: August | AV39: September | AW39: October | AX39: November | AY39: December | AZ39: 21Q1 | BA39: 21Q2 | BB39: 21Q3 | BC39: 21Q4 | BD39: FY21 | BE39: Jan | BF39: Feb | BG39: Mar | BH39: Apr | BI39: May | BJ39: Jun | BK39: Jul | BL39: Aug | BM39: Sep | BN39: Oct | BO39: Nov | BP39: Dec | BQ39: 22Q1 | BR39: 22Q2 | BS39: 22Q3 | BT39: 22Q4 | BU39: FY2022 | BV39: Jan | BW39: Feb | BX39: Mar | BY39: Apr | BZ39: May | CA39: Jun | CB39: Jul | CC39: Aug | CD39: Sep | CE39: Oct | CF39: Nov | CG39: Dec | CH39: 23Q1 | CI39: 23Q2 | CJ39: 23Q3 | CK39: 23Q4 | CL39: FY2023 | CM39: Jan | CN39: Feb | CO39: Mar | CP39: April | CQ39: May | CR39: June | CS39: July | CT39: August | CU39: September | CV39: October | CW39: November | CX39: December | CY39: 24Q1 | CZ39: 24Q2 | DA39: 24Q3 | DB39: 24Q4 | DC39: FY2024 | DD39: Jan | DE39: Feb | DF39: Mar | DG39: Apr | DH39: May | DI39: Jun | DJ39: Jul | DK39: Aug | DL39: Sep | DM39: Oct | DN39: Nov | DO39: Dec
A40: Air Industry | B40: 0.10750932 | C40: 0.1114922 | D40: 0.12015316 | E40: 0.13852476 | G40: ='CAAC Data'!O252 -> 0.13663966 | H40: ='CAAC Data'!P252 -> 0.13450837 | I40: ='CAAC Data'!Q252 -> 0.10607235 | J40: ='CAAC Data'!R252 -> 0.14607876 | L40: ='CAAC Data'!O227 -> 0.11656554 | M40: ='CAAC Data'!P227 -> 0.1320324 | N40: ='CAAC Data'!Q227 -> 0.10319346 | O40: ='CAAC Data'!R227 -> 0.087175838 | P40: ='CAAC Data'!M227 -> 0.075445816 | Q40: ='CAAC Data'!N227 -> 0.10919041 | R40: 0.098 | S40: 0.072 | T40: ='CAAC Data'!Q202 -> 0.091237332 | U40: ='CAAC Data'!R202 -> 0.05497126 | V40: ='CAAC Data'!N202 -> 0.079110384 | W40: ='CAAC Data'!B202 -> 0.14940822 | X40: ='CAAC Data'!C202 -> 0.11151035 | Y40: ='CAAC Data'!D202 -> 0.04089335 | Z40: ='CAAC Data'!E202 -> 0.046825115 | AA40: ='CAAC Data'!F202 -> 0.087396266 | AB40: ='CAAC Data'!G202 -> 0.081714899 | AC40: ='CAAC Data'!H202 -> 0.10267948 | AD40: ='CAAC Data'!I202 -> 0.082555508 | ... AH40: ='CAAC Data'!M202 -> 0.051498724 | AI40: ='CAAC Data'!O176 -> -0.53909035 | AJ40: ='CAAC Data'!P176 -> -0.54492955 | AK40: ='CAAC Data'!Q176 -> -0.24009652 | AL40: ='CAAC Data'!R176 -> -0.15812039 | AM40: ='CAAC Data'!N176 -> -0.36709927 | AN40: ='CAAC Data'!B176 -> -0.052627637 | AO40: ='CAAC Data'!C176 -> -0.84505629 | AP40: ='CAAC Data'!D176 -> -0.71691836 | AQ40: ='CAAC Data'!E176 -> -0.68532324 | AR40: ='CAAC Data'!F176 -> -0.52611495 | AS40: ='CAAC Data'!G176 -> -0.42451417 | AT40: ='CAAC Data'!H176 -> -0.34065193 | AU40: ='CAAC Data'!I176 -> -0.24613802 | ... AY40: ='CAAC Data'!M176 -> -0.19782032 | AZ40: ='CAAC Data'!O146 -> -0.36574532 | BA40: ='CAAC Data'!P146 -> -0.10946902 | BB40: ='CAAC Data'!Q146 -> -0.38593319 | BC40: ='CAAC Data'!R146 -> -0.46265971 | BD40: ='CAAC Data'!N146 -> -0.33247459 | BE40: ='CAAC Data'!B146 -> -0.43495029 | BF40: ='CAAC Data'!C146 -> -0.55506632 | BG40: ='CAAC Data'!D146 -> -0.10619767 | BH40: ='CAAC Data'!E146 -> -0.038103844 | BI40: ='CAAC Data'!F146 -> -0.063622521 | BJ40: ='CAAC Data'!G146 -> -0.22722507 | BK40: ='CAAC Data'!H146 -> -0.17173403 | BL40: ='CAAC Data'!I146 -> -0.63409974 | ... BP40: ='CAAC Data'!M146 -> -0.48644807 | BQ40: ='CAAC Data'!O115 -> -0.52609445 | BR40: ='CAAC Data'!P115 -> -0.73947007 | BS40: ='CAAC Data'!Q115 -> -0.50711955 | BT40: ='CAAC Data'!R115 -> -0.71001843 | BU40: ='CAAC Data'!N115 -> -0.61854955 | BV40: ='CAAC Data'!B115 -> -0.44745661 | BW40: ='CAAC Data'!C115 -> -0.41860811 | BX40: ='CAAC Data'!D115 -> -0.71273176 | BY40: ='CAAC Data'!E115 -> -0.85165104 | BZ40: ='CAAC Data'!F115 -> -0.77851364 | CA40: ='CAAC Data'!G115 -> -0.5880668 | CB40: ='CAAC Data'!H115 -> -0.4267213 | CC40: ='CAAC Data'!I115 -> -0.47250073 | ... CG40: ='CAAC Data'!M115 -> -0.64529947 | CH40: ='CAAC Data'!O83 -> -0.19947369 | CI40: ='CAAC Data'!P83 -> -0.036959532 | CJ40: ='CAAC Data'!Q83 -> 0.02618488 | CK40: ='CAAC Data'!R83 -> -0.044011057 | CL40: ='CAAC Data'!N83 -> -0.061513072 | CM40: ='CAAC Data'!B83 -> -0.2553311 | CN40: ='CAAC Data'!C83 -> -0.19741389 | CO40: ='CAAC Data'!D83 -> -0.14578349 | CP40: ='CAAC Data'!E83 -> -0.053522346 | CQ40: ='CAAC Data'!F83 -> -0.051569466 | CR40: ='CAAC Data'!G83 -> -0.0055790617 | CS40: ='CAAC Data'!H83 -> 0.052730983 | CT40: ='CAAC Data'!I83 -> 0.044514844 | ... CX40: ='CAAC Data'!M83 -> -0.041091736 | CY40: ='CAAC Data'!O56 -> 0.37728767 | CZ40: ='CAAC Data'!P56 -> 0.11862221 | DA40: ='CAAC Data'!Q56 -> 0.12285832 | DB40: ='CAAC Data'!R56 -> 0.14050824 | DD40: ='CAAC Data'!B56 -> 0.44105594 | DE40: ='CAAC Data'!C56 -> 0.4462963 | DF40: ='CAAC Data'!D56 -> 0.25656398 | DG40: ='CAAC Data'!E56 -> 0.11287916 | DH40: ='CAAC Data'!F56 -> 0.13874811 | DI40: ='CAAC Data'!G56 -> 0.10446946 | DJ40: ='CAAC Data'!H56 -> 0.10745178 | DK40: ='CAAC Data'!I56 -> 0.1401257 | ... DO40: ='CAAC Data'!M56 -> 0.12620572
A41: Air Industry Domestic | B41: 0.087711662 | C41: 0.10188276 | D41: 0.10975386 | E41: 0.15565676 | G41: ='CAAC Data'!O256 -> 0.14711061 | H41: ='CAAC Data'!P256 -> 0.15114353 | I41: ='CAAC Data'!Q256 -> 0.11481011 | J41: ='CAAC Data'!R256 -> 0.13787843 | L41: ='CAAC Data'!O231 -> 0.11766502 | M41: ='CAAC Data'!P231 -> 0.1383583 | N41: ='CAAC Data'!Q231 -> 0.10011621 | O41: ='CAAC Data'!R231 -> 0.081884925 | P41: ='CAAC Data'!M231 -> 0.066413987 | Q41: ='CAAC Data'!N231 -> 0.10880246 | R41: 0.089 | S41: ='CAAC Data'!P206 -> 0.045117225 | T41: ='CAAC Data'!Q206 -> 0.083852032 | U41: ='CAAC Data'!R206 -> 0.050202477 | V41: ='CAAC Data'!N206 -> 0.067105581 | W41: ='CAAC Data'!B206 -> 0.13887592 | X41: ='CAAC Data'!C206 -> 0.10882792 | Y41: 0.027 | Z41: ='CAAC Data'!E206 -> 0.034250118 | AA41: ='CAAC Data'!F206 -> 0.05258835 | AB41: ='CAAC Data'!G206 -> 0.048438597 | AC41: ='CAAC Data'!H206 -> 0.095267402 | AD41: ='CAAC Data'!I206 -> 0.074848729 | AE41: ='CAAC Data'!J206 -> 0.08178908 | AF41: ='CAAC Data'!K206 -> 0.048161066 | AG41: ='CAAC Data'!L206 -> 0.053789787 | AH41: ='CAAC Data'!M206 -> 0.048817959 | AI41: ='CAAC Data'!O180 -> -0.53361745 | AJ41: ='CAAC Data'!P180 -> -0.47794281 | AK41: ='CAAC Data'!Q180 -> -0.13266748 | AL41: ='CAAC Data'!R180 -> -0.04160082 | AM41: ='CAAC Data'!N180 -> -0.29147747 | AN41: ='CAAC Data'!B180 -> -0.064887143 | AO41: ='CAAC Data'!C180 -> -0.84597976 | AP41: ='CAAC Data'!D180 -> -0.68633574 | AQ41: ='CAAC Data'!E180 -> -0.63835616 | AR41: ='CAAC Data'!F180 -> -0.45764177 | AS41: ='CAAC Data'!G180 -> -0.33938831 | AT41: ='CAAC Data'!H180 -> -0.24584859 | AU41: ='CAAC Data'!I180 -> -0.1376405 | ... AY41: ='CAAC Data'!M180 -> -0.07896808 | AZ41: ='CAAC Data'!O151 -> -0.2732013 | BA41: ='CAAC Data'!P151 -> 0.022246877 | BB41: ='CAAC Data'!Q151 -> -0.29954345 | BC41: ='CAAC Data'!R151 -> -0.38868637 | BD41: ='CAAC Data'!N151 -> -0.236991 | BE41: ='CAAC Data'!B151 -> -0.35257434 | BF41: ='CAAC Data'!C151 -> -0.49120372 | BG41: ='CAAC Data'!D151 -> 0.025907182 | BH41: ='CAAC Data'!E151 -> 0.10693629 | BI41: ='CAAC Data'!F151 -> 0.071957315 | BJ41: ='CAAC Data'!G151 -> -0.11279105 | BK41: ='CAAC Data'!H151 -> -0.052413339 | BL41: ='CAAC Data'!I151 -> -0.58276257 | ... BP41: ='CAAC Data'!M151 -> -0.41125929 | BQ41: ='CAAC Data'!O120 -> -0.45745801 | BR41: ='CAAC Data'!P120 -> -0.70205791 | BS41: ='CAAC Data'!Q120 -> -0.43900684 | BT41: ='CAAC Data'!R120 -> -0.67501773 | BU41: ='CAAC Data'!N120 -> -0.56593042 | BV41: ='CAAC Data'!B120 -> -0.36651418 | BW41: ='CAAC Data'!C120 -> -0.33509117 | BX41: ='CAAC Data'!D120 -> -0.67164854 | BY41: ='CAAC Data'!E120 -> -0.83081105 | BZ41: ='CAAC Data'!F120 -> -0.74762216 | CA41: ='CAAC Data'!G120 -> -0.52749579 | CB41: ='CAAC Data'!H120 -> -0.34453293 | CC41: ='CAAC Data'!I120 -> -0.39774071 | ... CG41: ='CAAC Data'!M120 -> -0.59960647 | CH41: ='CAAC Data'!O88 -> -0.10064821 | CI41: ='CAAC Data'!P88 -> 0.054207079 | CJ41: ='CAAC Data'!Q88 -> 0.096110828 | CK41: ='CAAC Data'!R88 -> 0.0052677048 | CL41: ='CAAC Data'!N88 -> 0.01560262 | CM41: ='CAAC Data'!B88 -> -0.15560399 | CN41: ='CAAC Data'!C88 -> -0.098360306 | CO41: ='CAAC Data'!D88 -> -0.048110262 | CP41: ='CAAC Data'!E88 -> 0.046662318 | CQ41: ='CAAC Data'!F88 -> 0.036885505 | CR41: ='CAAC Data'!G88 -> 0.079441877 | CS41: ='CAAC Data'!H88 -> 0.13073301 | CT41: ='CAAC Data'!I88 -> 0.11773095 | ... CX41: ='CAAC Data'!M88 -> 0.0030607783 | CY41: ='CAAC Data'!O60 -> 0.28066389 | CZ41: ='CAAC Data'!P60 -> 0.056121756 | DD41: ='CAAC Data'!B60 -> 0.33385296 | DE41: ='CAAC Data'!C60 -> 0.34474675 | DF41: ='CAAC Data'!D60 -> 0.17234904 | DG41: ='CAAC Data'!E60 -> 0.039897374 | DH41: ='CAAC Data'!F60 -> 0.07765529 | DI41: ='CAAC Data'!G60 -> 0.050564271 | DJ41: ='CAAC Data'!H60 -> 0.06491192 | DK41: ='CAAC Data'!I60 -> 0.10005876 | ... DO41: ='CAAC Data'!M60 -> 0.087968614 | DP41: vs 2023
A42: Air Industry International (含港澳台） | BQ42: ='CAAC Data'!O130 -> -0.97964786 | BR42: ='CAAC Data'!P130 -> -0.98443945 | BS42: ='CAAC Data'!Q130 -> -0.97192716 | BT42: ='CAAC Data'!R130 -> -0.95397121 | BU42: ='CAAC Data'!R130 -> -0.95397121 | CE42: ='CAAC Data'!K130 -> -0.96335001 | CF42: ='CAAC Data'!L130 -> -0.95596247 | CG42: ='CAAC Data'!M130 -> -0.94301994 | CH42: ='CAAC Data'!O98 -> -0.85247066 | CI42: ='CAAC Data'!P98 -> -0.63385827 | CJ42: ='CAAC Data'!Q98 -> -0.45099527 | CK42: ='CAAC Data'!R98 -> -0.38752326 | CL42: ='CAAC Data'!N98 -> -0.58099236 | CM42: ='CAAC Data'!B98 -> -0.9090652 | CN42: ='CAAC Data'!C98 -> -0.86119061 | CO42: ='CAAC Data'!D98 -> -0.78724006 | CP42: ='CAAC Data'!E98 -> -0.69991582 | CQ42: ='CAAC Data'!F98 -> -0.642837 | CR42: ='CAAC Data'!G98 -> -0.55874087 | CS42: ='CAAC Data'!H98 -> -0.47061882 | CT42: ='CAAC Data'!I98 -> -0.44645778 | ... CX42: ='CAAC Data'!M98 -> -0.32877493 | CY42: ='CAAC Data'!O68 -> -0.22264294 | CZ42: ='CAAC Data'!P68 -> -0.15912073 | DD42: ='CAAC Data'!B68 -> -0.27535002 | DE42: ='CAAC Data'!C68 -> -0.1858901 | DF42: ='CAAC Data'!D68 -> -0.20625265 | DG42: ='CAAC Data'!E68 -> -0.17340067 | DH42: ='CAAC Data'!F68 -> -0.16990976 | DI42: ='CAAC Data'!G68 -> -0.13406408 | DJ42: ='CAAC Data'!H68 -> -0.09100364 | DK42: ='CAAC Data'!I68 -> -0.068579338 | ... DO42: ='CAAC Data'!M68 -> 0.0058404558 | DP42: vs 2019
A43: Air Industry Regional (港澳台） | B43: 0.05108055 | C43: -0.025937749 | D43: -0.073217726 | E43: -0.09194499 | F43: ='CAAC Data'!N272 -> 0.044141579 | G43: ='CAAC Data'!O272 -> -0.094953271 | H43: ='CAAC Data'!P272 -> 0.031134781 | I43: ='CAAC Data'!Q272 -> 0.1047817 | J43: ='CAAC Data'!R272 -> 0.15577672 | K43: ='CAAC Data'!S272 -> 0 | L43: ='CAAC Data'!O247 -> 0.10037175 | M43: ='CAAC Data'!P247 -> 0.10885975 | N43: ='CAAC Data'!Q247 -> 0.10914565 | O43: ='CAAC Data'!R247 -> 0.073755148 | P43: ='CAAC Data'!M247 -> 0.08361204 | Q43: ='CAAC Data'!N247 -> 0.097798558 | R43: 0.138 | S43: ='CAAC Data'!P222 -> 0.12647796 | T43: ='CAAC Data'!Q222 -> -0.068204954 | U43: ='CAAC Data'!R222 -> -0.25034868 | V43: ='CAAC Data'!N222 -> -0.017391304 | W43: ='CAAC Data'!B222 -> 0.1843044 | X43: ='CAAC Data'!C222 -> 0.09375 | Y43: 0.141 | Z43: ='CAAC Data'!E222 -> 0.11727079 | AA43: ='CAAC Data'!F222 -> 0.14578834 | AB43: ='CAAC Data'!G222 -> 0.11650485 | AC43: ='CAAC Data'!H222 -> 0.10531595 | AD43: ='CAAC Data'!I222 -> -0.10601719 | AE43: ='CAAC Data'!J222 -> -0.21594684 | AF43: ='CAAC Data'!K222 -> -0.21218487 | AG43: ='CAAC Data'!L222 -> -0.25423729 | AH43: ='CAAC Data'!M222 -> -0.28395062 | AI43: ='CAAC Data'!O196 -> -0.74324324 | AJ43: ='CAAC Data'!P196 -> -0.99077608 | AK43: ='CAAC Data'!Q196 -> -0.99714362 | AL43: ='CAAC Data'!R196 -> -0.99564195 | AM43: ='CAAC Data'!N196 -> -0.91322016 | AN43: ='CAAC Data'!B196 -> -0.32128514 | AO43: ='CAAC Data'!C196 -> -0.9270936 | AP43: ='CAAC Data'!D196 -> -0.971652 | AQ43: ='CAAC Data'!E196 -> -0.99427481 | AR43: ='CAAC Data'!F196 -> -0.99151744 | AS43: ='CAAC Data'!G196 -> -0.98647343 | AT43: ='CAAC Data'!H196 -> -0.98185118 | AU43: ='CAAC Data'!I196 -> -0.97863248 | ... AY43: ='CAAC Data'!M196 -> -0.95402299 | AZ43: ='CAAC Data'!O171 -> -0.96407383 | BA43: ='CAAC Data'!P171 -> -0.93288804 | BB43: ='CAAC Data'!Q171 -> -0.94319009 | BC43: ='CAAC Data'!R171 -> -0.94651163 | BD43: ='CAAC Data'!N171 -> -0.94663175 | BE43: ='CAAC Data'!B171 -> -0.96385542 | BF43: ='CAAC Data'!C171 -> -0.97339901 | BG43: ='CAAC Data'!D171 -> -0.95503421 | BH43: ='CAAC Data'!E171 -> -0.95133588 | BI43: ='CAAC Data'!F171 -> -0.92365693 | BJ43: ='CAAC Data'!G171 -> -0.9236715 | BK43: ='CAAC Data'!H171 -> -0.92649728 | BL43: ='CAAC Data'!I171 -> -0.96474359 | ... BP43: ='CAAC Data'!M171 -> -0.92672414 | BQ43: ='CAAC Data'!O140 -> -0.94858273 | BR43: ='CAAC Data'!P140 -> -0.99300254 | BS43: ='CAAC Data'!Q140 -> -0.96613256 | BT43: ='CAAC Data'!R140 -> -0.90744186 | BU43: ='CAAC Data'!N140 -> -0.95755824 | BV43: ='CAAC Data'!B140 -> -0.93574297 | BW43: ='CAAC Data'!C140 -> -0.9320197 | BX43: ='CAAC Data'!D140 -> -0.97751711 | BY43: ='CAAC Data'!E140 -> -0.99427481 | BZ43: ='CAAC Data'!F140 -> -0.99434496 | CA43: ='CAAC Data'!G140 -> -0.99033816 | CB43: ='CAAC Data'!H140 -> -0.98094374 | CC43: ='CAAC Data'!I140 -> -0.96794872 | ... CG43: ='CAAC Data'!M140 -> -0.86781609 | CH43: ='CAAC Data'!O108 -> -0.71160185 | CI43: ='CAAC Data'!P108 -> -0.46405852 | CJ43: ='CAAC Data'!Q108 -> -0.24981792 | CK43: ='CAAC Data'!R108 -> -0.039534884 | CL43: ='CAAC Data'!N108 -> -0.39633375 | CM43: ='CAAC Data'!B108 -> -0.79819277 | CN43: ='CAAC Data'!C108 -> -0.73990148 | CO43: ='CAAC Data'!D108 -> -0.59921799 | CP43: ='CAAC Data'!E108 -> -0.50667939 | CQ43: ='CAAC Data'!F108 -> -0.47502356 | CR43: ='CAAC Data'!G108 -> -0.40966184 | CS43: ='CAAC Data'!H108 -> -0.34754991 | CT43: ='CAAC Data'!I108 -> -0.19444444 | ... CX43: ='CAAC Data'!M108 -> 0.040229885 | CY43: ='CAAC Data'!O77 -> -0.24060646 | CZ43: ='CAAC Data'!P77 -> -0.24045802 | DD43: ='CAAC Data'!B77 -> -0.2439759 | DE43: ='CAAC Data'!C77 -> -0.21576355 | DF43: ='CAAC Data'!D77 -> -0.26197458 | DG43: ='CAAC Data'!E77 -> -0.24045802 | DH43: ='CAAC Data'!F77 -> -0.25824694 | DI43: ='CAAC Data'!G77 -> -0.22222222 | DJ43: ='CAAC Data'!H77 -> -0.21778584 | DK43: ='CAAC Data'!I77 -> -0.0064102564 | ... DO43: ='CAAC Data'!M77 -> 0.11925287
A44: Air Industry Pure Intl. | B44: 0.31084163 | C44: 0.23291712 | D44: 0.26009922 | E44: 0.11605593 | G44: ='CAAC Data'!O268 -> 0.095121373 | H44: ='CAAC Data'!P268 -> 0.019218501 | I44: ='CAAC Data'!Q268 -> 0.035854893 | J44: ='CAAC Data'!R268 -> 0.14312618 | L44: ='CAAC Data'!O243 -> 0.11819495 | M44: ='CAAC Data'!P243 -> 0.22345669 | N44: ='CAAC Data'!Q243 -> 0.12874983 | O44: ='CAAC Data'!R243 -> 0.13723945 | P44: ='CAAC Data'!M243 -> 0.14987664 | Q44: ='CAAC Data'!N243 -> 0.15012833 | R44: 0.167 | S44: 0.163 | T44: ='CAAC Data'!Q218 -> 0.18212976 | U44: ='CAAC Data'!R218 -> 0.15084714 | V44: ='CAAC Data'!N218 -> 0.16636284 | W44: ='CAAC Data'!B218 -> 0.23050435 | X44: ='CAAC Data'!C218 -> 0.13598326 | Y44: 0.141 | Z44: ='CAAC Data'!E218 -> 0.13921679 | AA44: ='CAAC Data'!F218 -> 0.18720472 | AB44: ='CAAC Data'!G218 -> 0.16494253 | AC44: ='CAAC Data'!H218 -> 0.16389968 | AD44: ='CAAC Data'!I218 -> 0.18010436 | AE44: ='CAAC Data'!J218 -> 0.20505171 | AF44: ='CAAC Data'!K218 -> 0.15101885 | AG44: ='CAAC Data'!L218 -> 0.17305782 | AH44: ='CAAC Data'!M218 -> 0.13069909 | AI44: ='CAAC Data'!O192 -> -0.54703217 | AJ44: ='CAAC Data'!P192 -> -0.98224494 | AK44: ='CAAC Data'!Q192 -> -0.99663951 | AL44: ='CAAC Data'!R192 -> -0.99644357 | AM44: ='CAAC Data'!N192 -> -0.87124417 | AN44: ='CAAC Data'!B192 -> 0.085102881 | AO44: ='CAAC Data'!C192 -> -0.8238741 | AP44: ='CAAC Data'!D192 -> -0.90869997 | AQ44: ='CAAC Data'!E192 -> -0.98733553 | AR44: ='CAAC Data'!F192 -> -0.98258995 | AS44: ='CAAC Data'!G192 -> -0.97681302 | AT44: ='CAAC Data'!H192 -> -0.97587253 | AU44: ='CAAC Data'!I192 -> -0.97503922 | ... AY44: ='CAAC Data'!M192 -> -0.97422517 | AZ44: ='CAAC Data'!O166 -> -0.97949597 | BA44: ='CAAC Data'!P166 -> -0.97872691 | BB44: ='CAAC Data'!Q166 -> -0.98001017 | BC44: ='CAAC Data'!R166 -> -0.98210377 | BD44: ='CAAC Data'!N166 -> -0.98008569 | BE44: ='CAAC Data'!B166 -> -0.97662551 | BF44: ='CAAC Data'!C166 -> -0.98476477 | BG44: ='CAAC Data'!D166 -> -0.97717499 | BH44: ='CAAC Data'!E166 -> -0.97763158 | BI44: ='CAAC Data'!F166 -> -0.9784447 | BJ44: ='CAAC Data'!G166 -> -0.98010196 | BK44: ='CAAC Data'!H166 -> -0.97996965 | BL44: ='CAAC Data'!I166 -> -0.98031665 | ... BP44: ='CAAC Data'!M166 -> -0.98181531 | BQ44: ='CAAC Data'!O135 -> -0.98485686 | BR44: ='CAAC Data'!P135 -> -0.98295954 | BS44: ='CAAC Data'!Q135 -> -0.97273652 | BT44: ='CAAC Data'!R135 -> -0.95944615 | BU44: ='CAAC Data'!N135 -> -0.97492522 | BV44: ='CAAC Data'!B135 -> -0.98485597 | BW44: ='CAAC Data'!C135 -> -0.98627156 | BX44: ='CAAC Data'!D135 -> -0.98346014 | BY44: ='CAAC Data'!E135 -> -0.98470395 | BZ44: ='CAAC Data'!F135 -> -0.983419 | CA44: ='CAAC Data'!G135 -> -0.98075974 | CB44: ='CAAC Data'!H135 -> -0.97784522 | CC44: ='CAAC Data'!I135 -> -0.97461133 | ... CG44: ='CAAC Data'!M135 -> -0.95129665 | CH44: ='CAAC Data'!O103 -> -0.87609152 | CI44: ='CAAC Data'!P103 -> -0.66320361 | CJ44: ='CAAC Data'!Q103 -> -0.47909461 | CK44: ='CAAC Data'!R103 -> -0.42846979 | CL44: ='CAAC Data'!N103 -> -0.6085451 | CM44: ='CAAC Data'!B103 -> -0.9272428 | CN44: ='CAAC Data'!C103 -> -0.88180144 | CO44: ='CAAC Data'!D103 -> -0.81905392 | CP44: ='CAAC Data'!E103 -> -0.73322368 | CQ44: ='CAAC Data'!F103 -> -0.67235948 | CR44: ='CAAC Data'!G103 -> -0.58411445 | CS44: ='CAAC Data'!H103 -> -0.49119879 | CT44: ='CAAC Data'!I103 -> -0.4801027 | ... CX44: ='CAAC Data'!M103 -> -0.36938646 | CY44: ='CAAC Data'!O73 -> -0.21963082 | CZ44: ='CAAC Data'!P73 -> -0.14506376 | DD44: ='CAAC Data'!B73 -> -0.28049383 | DE44: ='CAAC Data'!C73 -> -0.18081366 | DF44: ='CAAC Data'!D73 -> -0.19682435 | DG44: ='CAAC Data'!E73 -> -0.16184211 | DH44: ='CAAC Data'!F73 -> -0.15436909 | DI44: ='CAAC Data'!G73 -> -0.11905937 | DJ44: ='CAAC Data'!H73 -> -0.069802731 | DK44: ='CAAC Data'!I73 -> -0.07687919 | ... DO44: ='CAAC Data'!M73 -> -0.0066413662
A45: Air Industry Regional + Int'l | G45: ='CAAC Data'!O264 -> 0.061937084 | H45: ='CAAC Data'!P264 -> 0.021160136 | I45: ='CAAC Data'!Q264 -> 0.045823561 | J45: ='CAAC Data'!R264 -> 0.14513908 | L45: ='CAAC Data'!O239 -> 0.11554299 | M45: ='CAAC Data'!P239 -> 0.20460191 | N45: ='CAAC Data'!Q239 -> 0.1257547 | O45: ='CAAC Data'!R239 -> 0.12704425 | R45: ='CAAC Data'!O214 -> 0.164013 | S45: ='CAAC Data'!P214 -> 0.15780334 | T45: ='CAAC Data'!Q214 -> 0.14444785 | U45: ='CAAC Data'!R214 -> 0.089463857 | V45: ='CAAC Data'!N214 -> 0.13871459
A46: Top 4 | B46: 0.060036962 | C46: 0.05812427 | D46: 0.058366282 | E46: 0.10286248 | G46: 0.14579564 | H46: 0.13840441 | I46: 0.11539155 | J46: 0.16008565 | L46: 0.098091979 | M46: 0.12461765 | N46: 0.095081407 | O46: 0.07717282 | P46: 0.065459285 | Q46: 0.098298189 | R46: ='Top 4 Total'!O127 -> 0.090260637 | S46: 0.058 | T46: ='Top 4 Total'!Q127 -> 0.079475823 | U46: ='Top 4 Total'!R127 -> 0.020075917 | V46: =AVERAGE(R46:U46) -> 0.061953094 | W46: ='Top 4 Total'!B127 -> 0.14177876 | X46: ='Top 4 Total'!C127 -> 0.099847321 | Y46: ='Top 4 Total'!D127 -> 0.034463515 | Z46: ='Top 4 Total'!E127 -> 0.027795765 | AA46: ='Top 4 Total'!F127 -> 0.075720636 | AB46: ='Top 4 Total'!G127 -> 0.072751534 | AC46: ='Top 4 Total'!H127 -> 0.091959312 | AD46: ='Top 4 Total'!I127 -> 0.072433184 | ... AH46: ='Top 4 Total'!M127 -> 0.005834627 | AN46: ='Top 4 Total'!N127 -> 0 | AO46: ='Top 4 Total'!O127 -> 0.090260637 | AP46: ='Top 4 Total'!P127 -> 0.058480363 | AQ46: ='Top 4 Total'!Q127 -> 0.079475823 | AR46: ='Top 4 Total'!R127 -> 0.020075917 | AS46: ='Top 4 Total'!S127 -> 0.061925899 | AT46: ='Top 4 Total'!T127 -> 0
A47: Top 4 Domestic | B47: 0.034646531 | C47: 0.041705997 | D47: 0.042045547 | E47: 0.10895083 | G47: 0.15885514 | H47: 0.15682134 | I47: 0.12480783 | J47: 0.16222328 | L47: 0.097018099 | M47: 0.11363947 | N47: 0.091145877 | O47: 0.072192825 | P47: 0.056820942 | Q47: 0.093101817 | R47: ='Top4 Domestic'!O140 -> 0.082374186 | S47: 0.047 | T47: ='Top4 Domestic'!Q140 -> 0.076347998 | U47: ='Top4 Domestic'!R140 -> 0.01633505 | V47: =AVERAGE(R47:U47) -> 0.055514308 | W47: ='Top4 Domestic'!B140 -> 0.13204909 | X47: ='Top4 Domestic'!C140 -> 0.099569701 | Y47: ='Top4 Domestic'!D140 -> 0.021442738 | Z47: ='Top4 Domestic'!E140 -> 0.012954649 | AA47: ='Top4 Domestic'!F140 -> 0.064378152 | AB47: ='Top4 Domestic'!G140 -> 0.064113996 | AC47: ='Top4 Domestic'!H140 -> 0.089011601 | AD47: ='Top4 Domestic'!I140 -> 0.068723462 | ... AH47: ='Top4 Domestic'!M140 -> 0.001948154 | AN47: ='Top4 Domestic'!N140 -> 0 | AO47: ='Top4 Domestic'!O140 -> 0.082374186 | AP47: ='Top4 Domestic'!P140 -> 0.046845109 | AQ47: ='Top4 Domestic'!Q140 -> 0.076347998 | AR47: ='Top4 Domestic'!R140 -> 0.01633505 | AS47: ='Top4 Domestic'!S140 -> 0.055380536 | AT47: ='Top4 Domestic'!T140 -> 0
A48: Top 4 Regional (港澳台） | B48: 0.094145204 | C48: 5.9756404e-05 | D48: -0.04779835 | E48: -0.071659694 | G48: -0.083474674 | H48: 0.0050705334 | I48: 0.094197073 | J48: 0.15460566 | L48: 0.097493155 | M48: 0.13401207 | N48: 0.099752247 | O48: 0.074324106 | P48: 0.086705343 | Q48: 0.10079624 | R48: ='Top4 Intl.+Reg'!O471 -> 0.13686444 | S48: ='Top4 Intl.+Reg'!P471 -> 0.14620265 | T48: ='Top4 Intl.+Reg'!Q471 -> -0.032310639 | U48: ='Top4 Intl.+Reg'!R471 -> -0.20452223 | V48: =AVERAGE(R48:U48) -> 0.011558556 | W48: ='Top4 Intl.+Reg'!B471 -> 0.18647793 | X48: ='Top4 Intl.+Reg'!C471 -> 0.097338175 | Y48: ='Top4 Intl.+Reg'!D471 -> 0.13084527 | Z48: ='Top4 Intl.+Reg'!E471 -> 0.13339102 | AA48: ='Top4 Intl.+Reg'!F471 -> 0.16768452 | AB48: ='Top4 Intl.+Reg'!G471 -> 0.1378932 | AC48: ='Top4 Intl.+Reg'!H471 -> 0.11246983 | AD48: ='Top4 Intl.+Reg'!I471 -> -0.067805785 | ... AH48: ='Top4 Intl.+Reg'!M471 -> -0.22545119 | AN48: ='Top4 Intl.+Reg'!N471 -> 0 | AO48: ='Top4 Intl.+Reg'!O471 -> 0.13686444 | AP48: ='Top4 Intl.+Reg'!P471 -> 0.14620265 | AQ48: ='Top4 Intl.+Reg'!Q471 -> -0.032310639 | AR48: ='Top4 Intl.+Reg'!R471 -> -0.20452223 | AS48: ='Top4 Intl.+Reg'!S471 -> 0.0080956023 | AT48: ='Top4 Intl.+Reg'!T471 -> 0
A49: Top 4 International | B49: 0.23300681 | C49: 0.1919311 | D49: 0.20632696 | E49: 0.097730886 | G49: 0.1158186 | H49: 0.037943055 | I49: 0.055793714 | J49: 0.14542448 | L49: 0.10587235 | M49: 0.20714073 | N49: 0.12276586 | O49: 0.11536644 | P49: 0.12183289 | Q49: 0.13623741 | R49: ='Top4 Intl.+Reg'!O454 -> 0.13634178 | S49: ='Top4 Intl.+Reg'!P454 -> 0.12235992 | T49: ='Top4 Intl.+Reg'!Q454 -> 0.12677921 | U49: ='Top4 Intl.+Reg'!R454 -> 0.097399515 | V49: =AVERAGE(R49:U49) -> 0.12072011 | W49: ='Top4 Intl.+Reg'!B454 -> 0.20122286 | X49: ='Top4 Intl.+Reg'!C454 -> 0.10228965 | Y49: ='Top4 Intl.+Reg'!D454 -> 0.10911812 | Z49: ='Top4 Intl.+Reg'!E454 -> 0.11071198 | AA49: ='Top4 Intl.+Reg'!F454 -> 0.13828061 | AB49: ='Top4 Intl.+Reg'!G454 -> 0.11874049 | AC49: ='Top4 Intl.+Reg'!H454 -> 0.10796892 | AD49: ='Top4 Intl.+Reg'!I454 -> 0.12944321 | ... AH49: ='Top4 Intl.+Reg'!M454 -> 0.082248517 | AN49: ='Top4 Intl.+Reg'!N454 -> 0 | AO49: ='Top4 Intl.+Reg'!O454 -> 0.13634178 | AP49: ='Top4 Intl.+Reg'!P454 -> 0.12235992 | AQ49: ='Top4 Intl.+Reg'!Q454 -> 0.12677921 | AR49: ='Top4 Intl.+Reg'!R454 -> 0.097399515 | AS49: ='Top4 Intl.+Reg'!S454 -> 0.12070847 | AT49: ='Top4 Intl.+Reg'!T454 -> 0
A50: Top 3 | R50: ='Top 4 Total'!O125 -> 0.090075283 | S50: ='Top 4 Total'!P125 -> 0.057562675 | T50: ='Top 4 Total'!Q125 -> 0.077893472 | U50: ='Top 4 Total'!R125 -> 0.056396582 | V50: ='Top 4 Total'!S125 -> 0.070373247 | W50: ='Top 4 Total'!B125 -> 0.14337316 | X50: ='Top 4 Total'!C125 -> 0.095688863 | Y50: ='Top 4 Total'!D125 -> 0.036493125 | Z50: ='Top 4 Total'!E125 -> 0.026481338 | AA50: ='Top 4 Total'!F125 -> 0.076751779 | AB50: ='Top 4 Total'!G125 -> 0.070299121 | AC50: ='Top 4 Total'!H125 -> 0.086723253 | AD50: ='Top 4 Total'!I125 -> 0.07173455 | ... AH50: ='Top 4 Total'!M125 -> 0.058393275 | AI50: ='Top 4 Total'!O109 -> -0.5421878 | AJ50: ='Top 4 Total'!P109 -> -0.5846731 | AK50: ='Top 4 Total'!Q109 -> -0.27111561 | AL50: ='Top 4 Total'!R109 -> -0.19752605 | AM50: =AVERAGE(AN50:AY50) -> -0.39841599 | AN50: ='Top 4 Total'!B109 -> -0.046842394 | AO50: ='Top 4 Total'!C109 -> -0.85757162 | AP50: ='Top 4 Total'!D109 -> -0.72302854 | AQ50: ='Top 4 Total'!E109 -> -0.71107623 | AR50: ='Top 4 Total'!F109 -> -0.56828482 | AS50: ='Top 4 Total'!G109 -> -0.47586373 | AT50: ='Top 4 Total'!H109 -> -0.37369303 | AU50: ='Top 4 Total'!I109 -> -0.2885702 | ... AY50: ='Top 4 Total'!M109 -> -0.26173441 | AZ50: ='Top 4 Total'!O93 -> -0.42648355 | BA50: ='Top 4 Total'!P93 -> -0.1496471 | BB50: ='Top 4 Total'!Q93 -> -0.43686722 | BC50: ='Top 4 Total'!R93 -> -0.49549124 | BD50: ='Top 4 Total'!S93 -> -0.37906436 | BE50: ='Top 4 Total'!B93 -> -0.51508254 | BF50: ='Top 4 Total'!C93 -> -0.6144262 | BG50: ='Top 4 Total'!D93 -> -0.15066258 | BH50: ='Top 4 Total'!E93 -> -0.063922214 | BI50: ='Top 4 Total'!F93 -> -0.097009609 | BJ50: ='Top 4 Total'!G93 -> -0.28842856 | BK50: ='Top 4 Total'!H93 -> -0.21359887 | BL50: ='Top 4 Total'!I93 -> -0.69110815 | ... BP50: ='Top 4 Total'!M93 -> -0.52856053 | BQ50: ='Top 4 Total'!O71 -> -0.56244144 | BR50: ='Top 4 Total'!P71 -> -0.75706958 | BS50: ='Top 4 Total'!Q71 -> -0.52096657 | BT50: ='Top 4 Total'!R71 -> -0.71849288 | BU50: ='Top 4 Total'!S71 -> -0.63774884 | BV50: ='Top 4 Total'!B71 -> -0.50098141 | BW50: ='Top 4 Total'!C71 -> -0.4600847 | BX50: ='Top 4 Total'!D71 -> -0.72585896 | BY50: ='Top 4 Total'!E71 -> -0.86045678 | BZ50: ='Top 4 Total'!F71 -> -0.79372402 | CA50: ='Top 4 Total'!G71 -> -0.6170429 | CB50: ='Top 4 Total'!H71 -> -0.46896172 | CC50: ='Top 4 Total'!I71 -> -0.49108061 | ... CG50: ='Top 4 Total'!M71 -> -0.67825188 | CH50: ='Top 4 Total'!O53 -> -0.17979259 | CI50: ='Top 4 Total'!P53 -> -0.0038653162 | CJ50: ='Top 4 Total'!Q53 -> 0.053822446 | CK50: ='Top 4 Total'!R53 -> 0.01589989 | CL50: ='Top 4 Total'!S53 -> -0.02659402 | CM50: ='Top 4 Total'!B53 -> -0.23988752 | CN50: ='Top 4 Total'!C53 -> -0.16839229 | CO50: ='Top 4 Total'!D53 -> -0.1310878 | CP50: ='Top 4 Total'!E53 -> -0.021666188 | CQ50: ='Top 4 Total'!F53 -> -0.019176991 | CR50: ='Top 4 Total'!G53 -> 0.029419243 | CS50: ='Top 4 Total'!H53 -> 0.083248982 | CT50: ='Top 4 Total'!I53 -> 0.063011657 | ... CX50: ='Top 4 Total'!M53 -> 0.017375658 | CY50: ='Top 4 Total'!O35 -> 0.41717999 | CZ50: ='Top 4 Total'!P35 -> 0.14064967 | DD50: ='Top 4 Total'!B35 -> 0.4922848 | DE50: ='Top 4 Total'!C35 -> 0.47449538 | DF50: ='Top 4 Total'!D35 -> 0.2968554 | DG50: ='Top 4 Total'!E35 -> 0.12948846 | DH50: ='Top 4 Total'!F35 -> 0.17068663 | DI50: ='Top 4 Total'!G35 -> 0.12200837 | DJ50: ='Top 4 Total'!H35 -> 0.11438303 | DK50: ='Top 4 Total'!I35 -> 0.15463699 | ... DO50: ='Top 4 Total'!M35 -> 0.09274874 | DP50: vs 2023
A51: Top 3 Domestic | R51: ='Top4 Domestic'!O138 -> 0.0822199 | S51: ='Top4 Domestic'!P138 -> 0.045408841 | T51: ='Top4 Domestic'!Q138 -> 0.075644678 | U51: ='Top4 Domestic'!R138 -> 0.058685592 | V51: ='Top4 Domestic'!S138 -> 0.065477255 | W51: ='Top4 Domestic'!B138 -> 0.13383329 | X51: ='Top4 Domestic'!C138 -> 0.09600118 | Y51: ='Top4 Domestic'!D138 -> 0.022957955 | Z51: ='Top4 Domestic'!E138 -> 0.010724932 | AA51: ='Top4 Domestic'!F138 -> 0.064833978 | AB51: ='Top4 Domestic'!G138 -> 0.061572256 | AC51: ='Top4 Domestic'!H138 -> 0.083927165 | AD51: ='Top4 Domestic'!I138 -> 0.06920736 | ... AH51: ='Top4 Domestic'!M138 -> 0.062867075 | AI51: ='Top4 Domestic'!O113 -> -0.53395637 | AJ51: ='Top4 Domestic'!P113 -> -0.50100198 | AK51: ='Top4 Domestic'!Q113 -> -0.13287039 | AL51: ='Top4 Domestic'!R113 -> -0.051427683 | AM51: =AVERAGE(AN51:AY51) -> -0.30437923 | AN51: ='Top4 Domestic'!B113 -> -0.056633093 | AO51: ='Top4 Domestic'!C113 -> -0.86222211 | AP51: ='Top4 Domestic'!D113 -> -0.68186335 | AQ51: ='Top4 Domestic'!E113 -> -0.65124058 | AR51: ='Top4 Domestic'!F113 -> -0.48317499 | AS51: ='Top4 Domestic'!G113 -> -0.3708801 | AT51: ='Top4 Domestic'!H113 -> -0.25185001 | AU51: ='Top4 Domestic'!I113 -> -0.15261298 | ... AY51: ='Top4 Domestic'!M113 -> -0.11931527 | AZ51: ='Top4 Domestic'!O94 -> -0.31198926 | BA51: ='Top4 Domestic'!P94 -> 0.01945523 | BB51: ='Top4 Domestic'!Q94 -> -0.33298206 | BC51: ='Top4 Domestic'!R94 -> -0.40436826 | BD51: ='Top4 Domestic'!S94 -> -0.26067508 | BE51: ='Top4 Domestic'!B94 -> -0.41923453 | BF51: ='Top4 Domestic'!C94 -> -0.53586067 | BG51: ='Top4 Domestic'!D94 -> 0.018505207 | BH51: ='Top4 Domestic'!E94 -> 0.12888653 | BI51: ='Top4 Domestic'!F94 -> 0.078546824 | BJ51: ='Top4 Domestic'!G94 -> -0.14905064 | BK51: ='Top4 Domestic'!H94 -> -0.064265004 | BL51: ='Top4 Domestic'!I94 -> -0.63505748 | ... BP51: ='Top4 Domestic'!M94 -> -0.43970497 | BQ51: ='Top4 Domestic'!O71 -> -0.47773281 | BR51: ='Top4 Domestic'!P71 -> -0.70998602 | BS51: ='Top4 Domestic'!Q71 -> -0.43261941 | BT51: ='Top4 Domestic'!R71 -> -0.67487001 | BU51: ='Top4 Domestic'!S71 -> -0.57145376 | BV51: ='Top4 Domestic'!B71 -> -0.40283289 | BW51: ='Top4 Domestic'!C71 -> -0.35637703 | BX51: ='Top4 Domestic'!D71 -> -0.67359671 | BY51: ='Top4 Domestic'!E71 -> -0.83398847 | BZ51: ='Top4 Domestic'!F71 -> -0.75516257 | CA51: ='Top4 Domestic'!G71 -> -0.54132522 | CB51: ='Top4 Domestic'!H71 -> -0.36609857 | CC51: ='Top4 Domestic'!I71 -> -0.39553784 | ... CG51: ='Top4 Domestic'!M71 -> -0.62588523 | CH51: ='Top4 Domestic'!O53 -> -0.040910743 | CI51: ='Top4 Domestic'!P53 -> 0.12557026 | CJ51: ='Top4 Domestic'!Q53 -> 0.14527684 | CK51: ='Top4 Domestic'!R53 -> 0.081086943 | CL51: ='Top4 Domestic'!S53 -> 0.079273157 | CM51: ='Top4 Domestic'!B53 -> -0.10060193 | CN51: ='Top4 Domestic'!C53 -> -0.027470078 | CO51: ='Top4 Domestic'!D53 -> 0.0051621541 | CP51: ='Top4 Domestic'!E53 -> 0.124048 | CQ51: ='Top4 Domestic'!F53 -> 0.10571971 | CR51: ='Top4 Domestic'!G53 -> 0.14737865 | CS51: ='Top4 Domestic'!H53 -> 0.18916105 | CT51: ='Top4 Domestic'!I53 -> 0.15622331 | ... CX51: ='Top4 Domestic'!M53 -> 0.073917773 | CY51: ='Top4 Domestic'!O35 -> 0.28825738 | CZ51: ='Top4 Domestic'!P35 -> 0.056132615 | DD51: ='Top4 Domestic'!B35 -> 0.34941029 | DE51: ='Top4 Domestic'!C35 -> 0.34008231 | DF51: ='Top4 Domestic'!D35 -> 0.18363574 | DG51: ='Top4 Domestic'!E35 -> 0.029102032 | DH51: ='Top4 Domestic'!F35 -> 0.088346616 | DI51: ='Top4 Domestic'!G35 -> 0.050526552 | DJ51: ='Top4 Domestic'!H35 -> 0.057695584 | DK51: ='Top4 Domestic'!I35 -> 0.10282006 | ... DO51: ='Top4 Domestic'!M35 -> 0.049103381
A52: Top 3 International (含港澳台） | BQ52: ='Top4 Intl.+Reg'!O242 -> -0.96824236 | BR52: ='Top4 Intl.+Reg'!P242 -> -0.98089273 | BS52: ='Top4 Intl.+Reg'!Q242 -> -0.9688324 | BT52: ='Top4 Intl.+Reg'!R242 -> -0.94597721 | BU52: ='Top4 Intl.+Reg'!S242 -> -0.96626078 | CE52: ='Top4 Intl.+Reg'!K242 -> -0.95574713 | CF52: ='Top4 Intl.+Reg'!L242 -> -0.94777668 | CG52: ='Top4 Intl.+Reg'!M242 -> -0.93491502 | CH52: ='Top4 Intl.+Reg'!O185 -> -0.84528788 | CI52: ='Top4 Intl.+Reg'!P185 -> -0.62015451 | CJ52: ='Top4 Intl.+Reg'!Q185 -> -0.41272603 | CK52: ='Top4 Intl.+Reg'!R185 -> -0.32453761 | CL52: ='Top4 Intl.+Reg'!S185 -> -0.55227232 | CM52: ='Top4 Intl.+Reg'!B185 -> -0.89719203 | CN52: ='Top4 Intl.+Reg'!C185 -> -0.85395074 | CO52: ='Top4 Intl.+Reg'!D185 -> -0.78416389 | CP52: ='Top4 Intl.+Reg'!E185 -> -0.69671708 | CQ52: ='Top4 Intl.+Reg'!F185 -> -0.62799294 | CR52: ='Top4 Intl.+Reg'!G185 -> -0.53421408 | CS52: ='Top4 Intl.+Reg'!H185 -> -0.43998075 | CT52: ='Top4 Intl.+Reg'!I185 -> -0.41349612 | ... CX52: ='Top4 Intl.+Reg'!M185 -> -0.26157231 | CY52: ='Top4 Intl.+Reg'!O129 -> -0.18884786 | CZ52: ='Top4 Intl.+Reg'!P129 -> -0.1138701 | DD52: ='Top4 Intl.+Reg'!B129 -> -0.24218749 | DE52: ='Top4 Intl.+Reg'!C129 -> -0.1483969 | DF52: ='Top4 Intl.+Reg'!D129 -> -0.17464767 | DG52: ='Top4 Intl.+Reg'!E129 -> -0.1349987 | DH52: ='Top4 Intl.+Reg'!F129 -> -0.12070274 | DI52: ='Top4 Intl.+Reg'!G129 -> -0.085471657 | DJ52: ='Top4 Intl.+Reg'!H129 -> -0.042565541 | DK52: ='Top4 Intl.+Reg'!I129 -> -0.012730243 | ... DO52: ='Top4 Intl.+Reg'!M129 -> 0.038639707 | DP52: vs 2019
A53: Top 3 Regional (港澳台） | R53: ='Top4 Intl.+Reg'!O469 -> 0.13535941 | S53: ='Top4 Intl.+Reg'!P469 -> 0.14359041 | T53: ='Top4 Intl.+Reg'!Q469 -> -0.034156084 | U53: ='Top4 Intl.+Reg'!R469 -> -0.20468484 | V53: ='Top4 Intl.+Reg'!S469 -> 0.0065559289 | W53: ='Top4 Intl.+Reg'!B469 -> 0.18621342 | X53: ='Top4 Intl.+Reg'!C469 -> 0.098132431 | Y53: ='Top4 Intl.+Reg'!D469 -> 0.12580422 | Z53: ='Top4 Intl.+Reg'!E469 -> 0.1312502 | AA53: ='Top4 Intl.+Reg'!F469 -> 0.16391271 | AB53: ='Top4 Intl.+Reg'!G469 -> 0.13592254 | AC53: ='Top4 Intl.+Reg'!H469 -> 0.11149622 | AD53: ='Top4 Intl.+Reg'!I469 -> -0.070575683 | ... AH53: ='Top4 Intl.+Reg'!M469 -> -0.22480892 | AI53: ='Top4 Intl.+Reg'!O410 -> -0.72225086 | AJ53: ='Top4 Intl.+Reg'!P410 -> -0.99190546 | AK53: ='Top4 Intl.+Reg'!Q410 -> -0.98058572 | AL53: ='Top4 Intl.+Reg'!R410 -> -0.89787854 | AM53: =AVERAGE(AN53:AY53) -> -0.8972229 | AN53: ='Top4 Intl.+Reg'!B410 -> -0.25544018 | AO53: ='Top4 Intl.+Reg'!C410 -> -0.93019089 | AP53: ='Top4 Intl.+Reg'!D410 -> -0.97479339 | AQ53: ='Top4 Intl.+Reg'!E410 -> -0.99544413 | AR53: ='Top4 Intl.+Reg'!F410 -> -0.99347521 | AS53: ='Top4 Intl.+Reg'!G410 -> -0.98672748 | AT53: ='Top4 Intl.+Reg'!H410 -> -0.9873073 | AU53: ='Top4 Intl.+Reg'!I410 -> -0.98403841 | ... AY53: ='Top4 Intl.+Reg'!M410 -> -0.88250791 | AZ53: ='Top4 Intl.+Reg'!O351 -> -0.92965537 | BA53: ='Top4 Intl.+Reg'!P351 -> -0.86171719 | BB53: ='Top4 Intl.+Reg'!Q351 -> -0.89410612 | BC53: ='Top4 Intl.+Reg'!R351 -> -0.91555019 | BD53: ='Top4 Intl.+Reg'!S351 -> -0.89885733 | BE53: ='Top4 Intl.+Reg'!B351 -> -0.93151415 | BF53: ='Top4 Intl.+Reg'!C351 -> -0.95579789 | BG53: ='Top4 Intl.+Reg'!D351 -> -0.90185778 | BH53: ='Top4 Intl.+Reg'!E351 -> -0.87359073 | BI53: ='Top4 Intl.+Reg'!F351 -> -0.85462838 | BJ53: ='Top4 Intl.+Reg'!G351 -> -0.85692788 | BK53: ='Top4 Intl.+Reg'!H351 -> -0.84217137 | BL53: ='Top4 Intl.+Reg'!I351 -> -0.9508974 | ... BP53: ='Top4 Intl.+Reg'!M351 -> -0.87056241 | BQ53: ='Top4 Intl.+Reg'!O280 -> -0.90163839 | BR53: ='Top4 Intl.+Reg'!P280 -> -0.98295334 | BS53: ='Top4 Intl.+Reg'!Q280 -> -0.96016038 | BT53: ='Top4 Intl.+Reg'!R280 -> -0.87836664 | BU53: ='Top4 Intl.+Reg'!S280 -> -0.93440883 | BV53: ='Top4 Intl.+Reg'!B280 -> -0.8762931 | BW53: ='Top4 Intl.+Reg'!C280 -> -0.87597455 | BX53: ='Top4 Intl.+Reg'!D280 -> -0.95205934 | BY53: ='Top4 Intl.+Reg'!E280 -> -0.98368942 | BZ53: ='Top4 Intl.+Reg'!F280 -> -0.98499573 | CA53: ='Top4 Intl.+Reg'!G280 -> -0.98012861 | CB53: ='Top4 Intl.+Reg'!H280 -> -0.9837147 | CC53: ='Top4 Intl.+Reg'!I280 -> -0.9693246 | ... CG53: ='Top4 Intl.+Reg'!M280 -> -0.84563828 | CH53: ='Top4 Intl.+Reg'!O223 -> -0.66460594 | CI53: ='Top4 Intl.+Reg'!P223 -> -0.44660122 | CJ53: ='Top4 Intl.+Reg'!Q223 -> -0.23460223 | CK53: ='Top4 Intl.+Reg'!R223 -> -0.061162803 | CL53: ='Top4 Intl.+Reg'!S223 -> -0.37437801 | CM53: ='Top4 Intl.+Reg'!B223 -> -0.74766502 | CN53: ='Top4 Intl.+Reg'!C223 -> -0.68775003 | CO53: ='Top4 Intl.+Reg'!D223 -> -0.55992681 | CP53: ='Top4 Intl.+Reg'!E223 -> -0.47605877 | CQ53: ='Top4 Intl.+Reg'!F223 -> -0.45699236 | CR53: ='Top4 Intl.+Reg'!G223 -> -0.40622313 | CS53: ='Top4 Intl.+Reg'!H223 -> -0.32267557 | CT53: ='Top4 Intl.+Reg'!I223 -> -0.18234543 | ... CX53: ='Top4 Intl.+Reg'!M223 -> 0.012113385 | CY53: ='Top4 Intl.+Reg'!O167 -> -0.21432554 | CZ53: ='Top4 Intl.+Reg'!P167 -> -0.1993343 | DD53: ='Top4 Intl.+Reg'!B167 -> -0.21312197 | DE53: ='Top4 Intl.+Reg'!C167 -> -0.18067272 | DF53: ='Top4 Intl.+Reg'!D167 -> -0.2489393 | DG53: ='Top4 Intl.+Reg'!E167 -> -0.19441467 | DH53: ='Top4 Intl.+Reg'!F167 -> -0.21456561 | DI53: ='Top4 Intl.+Reg'!G167 -> -0.18879687 | DJ53: ='Top4 Intl.+Reg'!H167 -> -0.1646537 | DK53: ='Top4 Intl.+Reg'!I167 -> 0.019185849 | ... DO53: ='Top4 Intl.+Reg'!M167 -> 0.1299025
A54: Top 3 Pure Intl. | R54: ='Top4 Intl.+Reg'!O452 -> 0.12836439 | S54: ='Top4 Intl.+Reg'!P452 -> 0.11414745 | T54: ='Top4 Intl.+Reg'!Q452 -> 0.11913468 | U54: ='Top4 Intl.+Reg'!R452 -> 0.10386183 | V54: ='Top4 Intl.+Reg'!S452 -> 0.11635399 | W54: ='Top4 Intl.+Reg'!B452 -> 0.19251425 | X54: ='Top4 Intl.+Reg'!C452 -> 0.093235352 | Y54: ='Top4 Intl.+Reg'!D452 -> 0.10269143 | Z54: ='Top4 Intl.+Reg'!E452 -> 0.10131759 | AA54: ='Top4 Intl.+Reg'!F452 -> 0.13295303 | AB54: ='Top4 Intl.+Reg'!G452 -> 0.10896221 | AC54: ='Top4 Intl.+Reg'!H452 -> 0.098263095 | AD54: ='Top4 Intl.+Reg'!I452 -> 0.12139439 | ... AH54: ='Top4 Intl.+Reg'!M452 -> 0.097949737 | AI54: ='Top4 Intl.+Reg'!O393 -> -0.55073633 | AJ54: ='Top4 Intl.+Reg'!P393 -> -0.98039961 | AK54: ='Top4 Intl.+Reg'!Q393 -> -0.97014096 | AL54: ='Top4 Intl.+Reg'!R393 -> -0.96989094 | AM54: =AVERAGE(AN54:AY54) -> -0.86912238 | AN54: ='Top4 Intl.+Reg'!B393 -> 0.05206337 | AO54: ='Top4 Intl.+Reg'!C393 -> -0.81289347 | AP54: ='Top4 Intl.+Reg'!D393 -> -0.9078936 | AQ54: ='Top4 Intl.+Reg'!E393 -> -0.98632933 | AR54: ='Top4 Intl.+Reg'!F393 -> -0.98065989 | AS54: ='Top4 Intl.+Reg'!G393 -> -0.97408039 | AT54: ='Top4 Intl.+Reg'!H393 -> -0.97285228 | AU54: ='Top4 Intl.+Reg'!I393 -> -0.97066463 | ... AY54: ='Top4 Intl.+Reg'!M393 -> -0.97240678 | AZ54: ='Top4 Intl.+Reg'!O326 -> -0.97809895 | BA54: ='Top4 Intl.+Reg'!P326 -> -0.97681533 | BB54: ='Top4 Intl.+Reg'!Q326 -> -0.97743054 | BC54: ='Top4 Intl.+Reg'!R326 -> -0.9800882 | BD54: ='Top4 Intl.+Reg'!S326 -> -0.97810015 | BE54: ='Top4 Intl.+Reg'!B326 -> -0.97532998 | BF54: ='Top4 Intl.+Reg'!C326 -> -0.98373728 | BG54: ='Top4 Intl.+Reg'!D326 -> -0.97538034 | BH54: ='Top4 Intl.+Reg'!E326 -> -0.97608125 | BI54: ='Top4 Intl.+Reg'!F326 -> -0.97669125 | BJ54: ='Top4 Intl.+Reg'!G326 -> -0.97768939 | BK54: ='Top4 Intl.+Reg'!H326 -> -0.97722638 | BL54: ='Top4 Intl.+Reg'!I326 -> -0.97759071 | ... BP54: ='Top4 Intl.+Reg'!M326 -> -0.97939689 | BQ54: ='Top4 Intl.+Reg'!O261 -> -0.98338373 | BR54: ='Top4 Intl.+Reg'!P261 -> -0.98039887 | BS54: ='Top4 Intl.+Reg'!Q261 -> -0.97057516 | BT54: ='Top4 Intl.+Reg'!R261 -> -0.95754798 | BU54: ='Top4 Intl.+Reg'!S261 -> -0.97293767 | BV54: ='Top4 Intl.+Reg'!B261 -> -0.98357567 | BW54: ='Top4 Intl.+Reg'!C261 -> -0.98463054 | BX54: ='Top4 Intl.+Reg'!D261 -> -0.9819622 | BY54: ='Top4 Intl.+Reg'!E261 -> -0.98280403 | BZ54: ='Top4 Intl.+Reg'!F261 -> -0.98089689 | CA54: ='Top4 Intl.+Reg'!G261 -> -0.97744373 | CB54: ='Top4 Intl.+Reg'!H261 -> -0.97558869 | CC54: ='Top4 Intl.+Reg'!I261 -> -0.97251133 | ... CG54: ='Top4 Intl.+Reg'!M261 -> -0.94958968 | CH54: ='Top4 Intl.+Reg'!O204 -> -0.88636312 | CI54: ='Top4 Intl.+Reg'!P204 -> -0.66174969 | CJ54: ='Top4 Intl.+Reg'!Q204 -> -0.44852236 | CK54: ='Top4 Intl.+Reg'!R204 -> -0.36961118 | CL54: ='Top4 Intl.+Reg'!S204 -> -0.58956304 | CM54: ='Top4 Intl.+Reg'!B204 -> -0.93025585 | CN54: ='Top4 Intl.+Reg'!C204 -> -0.89246578 | CO54: ='Top4 Intl.+Reg'!D204 -> -0.83559076 | CP54: ='Top4 Intl.+Reg'!E204 -> -0.74890357 | CQ54: ='Top4 Intl.+Reg'!F204 -> -0.66965525 | CR54: ='Top4 Intl.+Reg'!G204 -> -0.56479569 | CS54: ='Top4 Intl.+Reg'!H204 -> -0.46777067 | CT54: ='Top4 Intl.+Reg'!I204 -> -0.45889147 | ... CX54: ='Top4 Intl.+Reg'!M204 -> -0.30655878 | CY54: ='Top4 Intl.+Reg'!O148 -> -0.18305591 | CZ54: ='Top4 Intl.+Reg'!P148 -> -0.093387058 | DD54: ='Top4 Intl.+Reg'!B148 -> -0.24861454 | DE54: ='Top4 Intl.+Reg'!C148 -> -0.14091736 | DF54: ='Top4 Intl.+Reg'!D148 -> -0.15760952 | DG54: ='Top4 Intl.+Reg'!E148 -> -0.12094661 | DH54: ='Top4 Intl.+Reg'!F148 -> -0.097834131 | DI54: ='Top4 Intl.+Reg'!G148 -> -0.060783574 | DJ54: ='Top4 Intl.+Reg'!H148 -> -0.013642531 | DK54: ='Top4 Intl.+Reg'!I148 -> -0.019017802 | ... DO54: ='Top4 Intl.+Reg'!M148 -> 0.023638594
A55: 大陆因公 | G55: 3233092 | H55: 3427941 | I55: 3604074 | L55: 3244429 | M55: 3495959 | N55: 3631150 | R55: 3266873 | S55: 3557544 | T55: 3702392
A56: 大陆因私 | G56: 66328577 | H56: 62974871 | I56: 71693489 | L56: 75097253 | M56: 72776322 | N56: 80698414 | R56: 85837717 | S56: 82544476 | T56: 81757669
A57: 大陆公民 | G57: =SUM(G55:G56) -> 69561669 | H57: =SUM(H55:H56) -> 66402812 | I57: =SUM(I55:I56) -> 75297563 | K57: =SUM(K55:K56) -> 0 | L57: =SUM(L55:L56) -> 78341682 | M57: =SUM(M55:M56) -> 76272281 | N57: =SUM(N55:N56) -> 84329564 | P57: =SUM(P55:P56) -> 0 | Q57: =SUM(Q55:Q56) -> 0 | R57: =SUM(R55:R56) -> 89104590 | S57: =SUM(S55:S56) -> 86102020 | T57: =SUM(T55:T56) -> 85460061 | W57: =SUM(W55:W56) -> 0 | X57: =SUM(X55:X56) -> 0 | Y57: =SUM(Y55:Y56) -> 0 | Z57: =SUM(Z55:Z56) -> 0 | AA57: =SUM(AA55:AA56) -> 0 | AB57: =SUM(AB55:AB56) -> 0 | AC57: =SUM(AC55:AC56) -> 0 | AD57: =SUM(AD55:AD56) -> 0 | ... AF57: =SUM(AF55:AF56) -> 0
A58: STR-Occupancy Rate | AI58: =AVERAGE(AN58:AP58) -> -0.64867235 | AJ58: =AVERAGE(AQ58:AS58) -> -0.39190577 | AK58: =AVERAGE(AT58:AV58) -> -0.10997263 | AL58: =AVERAGE(AW58:AY58) -> -0.10333333 | AM58: =AVERAGE(AN58:AY58) -> -0.31347102 | AN58: -0.49267445 | AO58: -0.81801667 | AP58: -0.63532592 | AQ58: -0.51811069 | AR58: -0.32903577 | AS58: -0.32857085 | AT58: -0.17587345 | AU58: -0.097044454 | AV58: -0.057 | AW58: -0.085 | AX58: -0.1 | AY58: -0.125 | AZ58: -0.24592834 | BE58: -0.29752066 | BF58: -0.38528897 | BG58: -0.093655589 | BH58: -0.07
A59: STR-RevPAR | AI59: =AVERAGE(AN59:AP59) -> -0.70398604 | AJ59: =AVERAGE(AQ59:AS59) -> -0.52601424 | AK59: =AVERAGE(AT59:AV59) -> -0.17912327 | AL59: =AVERAGE(AW59:AY59) -> -0.15733333 | AM59: =AVERAGE(AN59:AY59) -> -0.39161422 | AN59: -0.51136825 | AO59: -0.85286187 | AP59: -0.74772801 | AQ59: -0.66984384 | AR59: -0.4704844 | AS59: -0.43771447 | AT59: -0.265504 | AU59: -0.16486582 | AV59: -0.107 | AW59: -0.188 | AX59: -0.16 | AY59: -0.124 | AZ59: -0.37248322 | BE59: -0.42241075 | BF59: -0.49608977 | BG59: -0.22612271 | BH59: -0.08
A60: From GM and MS
A61: STR-Occupancy Rate | AI61: =AVERAGE(AN61:AP61) -> -0.55066667 | AJ61: =AVERAGE(AQ61:AS61) -> -0.381 | AN61: -0.239 | AO61: -0.759 | AP61: -0.654 | AQ61: -0.487 | AR61: -0.362 | AS61: -0.294 | AT61: -0.21 | AU61: -0.119 | AV61: -0.013
A62: STR-RevPAR | AI62: =AVERAGE(AN62:AP62) -> -0.622 | AJ62: =AVERAGE(AQ62:AS62) -> -0.573 | AN62: -0.266 | AO62: -0.824 | AP62: -0.776 | AQ62: -0.685 | AR62: -0.557 | AS62: -0.477 | AT62: -0.377 | AU62: -0.254 | AV62: -0.158
A63: 大陆公民出入境人次增长 | G63: =G57/(3042706+62752613)-1 -> 0.057243434 | H63: =H57/(3308400+61935693)-1 -> 0.017759753 | I63: =I57/(3490403+61935693)-1 -> 0.15087966 | L63: =L57/G57-1 -> 0.12621913 | M63: =M57/H57-1 -> 0.14863029 | N63: =N57/I57-1 -> 0.11995077 | P63: =P57/M57-1 -> -1 | R63: =R57/L57-1 -> 0.13738418 | S63: =S57/M57-1 -> 0.12887695 | T63: =T57/N57-1 -> 0.013405702
A64: 从空港出入境人次 | G64: 0.04949 | H64: -0.00278 | I64: 0.03766 | L64: 0.12484 | M64: 0.17823 | N64: 0.0955 | R64: 0.08379 | S64: 0.08626 | T64: 0.08042
A65: HTHT same-hotel RevPar YoY growth | G65: 0.025 | H65: 0.058 | I65: 0.083 | J65: 0.095 | L65: 0.065 | M65: 0.079 | N65: 0.042 | O65: 0.039 | R65: -0.004 | S65: -0.021 | T65: -0.038 | U65: -0.054 | V65: =AVERAGE(R65:U65) -> -0.02925
A66: 内地访港人次 | R66: 0.27950298 | S66: 0.13006038 | T66: -0.27622366 | U66: -0.52475546 | V66: =AVERAGE(R66:U66) -> -0.097853939 | W66: 0.34757385 | X66: 0.27045778 | Y66: 0.22047733 | Z66: 0.053415389 | AA66: 0.23580371 | AB66: 0.10096203 | AC66: -0.055023728 | AD66: -0.42329916 | AE66: -0.35034808 | AF66: -0.45873726 | AG66: -0.583785 | AH66: -0.53174411 | AN66: -0.54233888

Sheet CAAC Air Industry + domestic
A1: unit: '000
A2: 2016 | B2: Jan | C2: Feb | D2: Mar | E2: Apr | F2: May | G2: Jun | H2: Jul | I2: Aug | J2: Sep | K2: Oct | L2: Nov | M2: Dec | N2: Year | O2: Q1 | P2: Q2 | Q2: Q3 | R2: Q4
A3: Total | B3: 37362 | C3: 38977 | D3: 38935 | E3: 39714 | F3: 38973 | G3: 38302 | H3: 43533 | I3: 46420 | J3: 41693 | K3: 43736 | O3: =SUM(B3:D3) -> 115274 | P3: =SUM(E3:G3) -> 116989 | Q3: =SUM(H3:J3) -> 131646 | R3: =SUM(K3:M3) -> 43736 | S3: =SUM(O3:R3) -> 407645
A4: YoY | B4: =B3/B12-1 -> 0.1510521 | C4: =C3/C12-1 -> 0.11595614 | D4: =D3/D12-1 -> 0.060957 | E4: =E3/E12-1 -> 0.10948456 | F4: =F3/F12-1 -> 0.1004659 | G4: =G3/G12-1 -> 0.12507343 | H4: =H3/H12-1 -> 0.11195402 | I4: =I3/I12-1 -> 0.11447229 | ... M4: =M3/M12-1 -> -1 | O4: =O3/O12-1 -> 0.10750932 | P4: =P3/P12-1 -> 0.1114922 | Q4: =Q3/Q12-1 -> 0.12015316 | R4: =R3/R12-1 -> -0.59794819
A5: MoM | B5: =B3/M12-1 -> 0.059884826 | C5: =C3/B3-1 -> 0.043225737 | D5: =D3/C3-1 -> -0.0010775586 | E5: =E3/D3-1 -> 0.020007705 | F5: =F3/E3-1 -> -0.018658408 | G5: =G3/F3-1 -> -0.017217048 | H5: =H3/G3-1 -> 0.1365725 | I5: =I3/H3-1 -> 0.066317506 | J5: =J3/I3-1 -> -0.10183111 | ... M5: =M3/L3-1 -> #DIV/0! | N5: QoQ
E6: =SUM(E3:F3)/SUM(E12:F12)-1 -> 0.1049993
A7: Domestic | B7: 33191 | C7: 34600 | D7: 34836 | E7: 35480 | F7: 34876 | G7: 34094 | H7: 38630 | I7: 41330 | J7: =37461-727 -> 36734 | K7: =39596-76.8 -> 39519.2 | O7: =SUM(B7:D7) -> 102627 | P7: =SUM(E7:G7) -> 104450 | Q7: =SUM(H7:J7) -> 116694 | R7: =SUM(K7:M7) -> 39519.2
A8: YoY | B8: =B7/B16-1 -> 0.12321489 | C8: =C7/C16-1 -> 0.097889894 | D8: =D7/D16-1 -> 0.043869112 | E8: =E7/E16-1 -> 0.097806244 | F8: =F7/F16-1 -> 0.093017425 | G8: =G7/G16-1 -> 0.10493907 | H8: =H7/H16-1 -> 0.088107712 | I8: =I7/I16-1 -> 0.10072441 | ... M8: =M7/M16-1 -> -1 | O8: =O7/O16-1 -> 0.086724483 | P8: =P7/P16-1 -> 0.09851393 | Q8: =Q7/Q16-1 -> 0.098441206 | R8: =R7/R16-1 -> -0.59607514
A9: MoM | B9: =B7/M16-1 -> 0.052212782 | C9: =C7/B7-1 -> 0.042451267 | D9: =D7/C7-1 -> 0.0068208092 | E9: =E7/D7-1 -> 0.018486623 | F9: =F7/E7-1 -> -0.017023675 | G9: =G7/F7-1 -> -0.022422296 | H9: =H7/G7-1 -> 0.13304394 | I9: =I7/H7-1 -> 0.069893865 | J9: =J7/I7-1 -> -0.11120252 | ... M9: =M7/L7-1 -> #DIV/0! | N9: QoQ
A11: 2015 | B11: Jan | C11: Feb | D11: Mar | E11: Apr | F11: May | G11: Jun | H11: Jul | I11: Aug | J11: Sep | K11: Oct | L11: Nov | M11: Dec | N11: Year | O11: Q1 | P11: Q2 | Q11: Q3 | R11: Q4
A12: Total | B12: 32459 | C12: 34927 | D12: 36698 | E12: 35795 | F12: 35415 | G12: 34044 | H12: 39150 | I12: 41652 | J12: 36723 | K12: 38551 | L12: 34980 | M12: 35251 | O12: =SUM(B12:D12) -> 104084 | P12: =SUM(E12:G12) -> 105254 | Q12: =SUM(H12:J12) -> 117525 | R12: =SUM(K12:M12) -> 108782 | S12: =SUM(O12:R12) -> 435645
A13: YoY | B13: =B12/B21-1 -> 0.061584249 | C13: =C12/C21-1 -> 0.12356045 | D13: =D12/D21-1 -> 0.21327735 | E13: =E12/E21-1 -> 0.13942384 | F13: =F12/F21-1 -> 0.12991737 | G13: =G12/G21-1 -> 0.11229457 | H13: =H12/H21-1 -> 0.09369762 | I13: =I12/I21-1 -> 0.1165858 | ... M13: =M12/M21-1 -> 0.063603174 | O13: =O12/O21-1 -> 0.13246798 | P13: =P12/P21-1 -> 0.12733894 | Q13: =Q12/Q21-1 -> 0.10608642 | R13: =R12/R21-1 -> 0.083237904
A14: MoM | B14: =B12/M21-1 -> -0.020637842 | C14: =C12/B12-1 -> 0.076034382 | D14: =D12/C12-1 -> 0.050705758 | E14: =E12/D12-1 -> -0.024606246 | F14: =F12/E12-1 -> -0.010616008 | G14: =G12/F12-1 -> -0.03871241 | H14: =H12/G12-1 -> 0.14998238 | I14: =I12/H12-1 -> 0.063908046 | J14: =J12/I12-1 -> -0.11833765 | ... M14: =M12/L12-1 -> 0.0077472842 | N14: QoQ
B15: =B12-B16 -> 2909
A16: Domestic | B16: 29550 | C16: 31515 | D16: 33372 | E16: 32319 | F16: 31908 | G16: 30856 | H16: 35502 | I16: 37548 | J16: 33186 | K16: 34800 | L16: 31494 | M16: 31544 | O16: =SUM(B16:D16) -> 94437 | P16: =SUM(E16:G16) -> 95083 | Q16: =SUM(H16:J16) -> 106236 | R16: =SUM(K16:M16) -> 97838 | S16: =SUM(O16:R16) -> 393594
A17: YoY | B17: =B16/B25-1 -> 0.04457563 | C17: =C16/C25-1 -> 0.095602294 | D17: =D16/D25-1 -> 0.19480148 | E17: =E16/E25-1 -> 0.11594903 | F17: =F16/F25-1 -> 0.10164342 | G17: =G16/G25-1 -> 0.092595871 | H17: =H16/H25-1 -> 0.078137812 | I17: =I16/I25-1 -> 0.10095294 | ... M17: =M16/M25-1 -> 0.047521004 | O17: =O16/O25-1 -> 0.11121963 | P17: =P16/P25-1 -> 0.10348629 | Q17: =Q16/Q25-1 -> 0.090494765 | R17: =R16/R25-1 -> 0.065436845
A18: MoM | B18: =B16/M25-1 -> -0.018696244 | C18: =C16/B16-1 -> 0.066497462 | D18: =D16/C16-1 -> 0.058924322 | E18: =E16/D16-1 -> -0.031553398 | F18: =F16/E16-1 -> -0.012716978 | G18: =G16/F16-1 -> -0.032969788 | H18: =H16/G16-1 -> 0.15057039 | I18: =I16/H16-1 -> 0.057630556 | J18: =J16/I16-1 -> -0.1161713 | ... M18: =M16/L16-1 -> 0.001587604 | N18: QoQ
A20: 2014 | B20: Jan | C20: Feb | D20: Mar | E20: Apr | F20: May | G20: Jun | H20: Jul | I20: Aug | J20: Sep | K20: Oct | L20: Nov | M20: Dec | N20: Year | O20: Q1 | P20: Q2 | Q20: Q3 | R20: Q4
A21: Total | B21: 30576 | C21: 31086 | D21: 30247 | E21: 31415 | F21: 31343 | G21: 30607 | H21: 35796 | I21: 37303 | J21: 33154 | K21: 34883 | L21: 32397 | M21: =N21-SUM(B21:L21) -> 33143 | N21: 391950 | O21: =SUM(B21:D21) -> 91909 | P21: =SUM(E21:G21) -> 93365 | Q21: =SUM(H21:J21) -> 106253 | R21: =N21-SUM(O21:Q21) -> 100423 | S21: =SUM(O21:R21) -> 391950
A22: YoY | B22: =B21/B30-1 -> 0.19111804 | C22: =C21/C30-1 -> 0.11523283 | D22: =D21/D30-1 -> 0.050863357 | E22: =E21/E30-1 -> 0.1025902 | F22: =F21/F30-1 -> 0.097713025 | G22: =G21/G30-1 -> 0.068158023 | H22: =H21/H30-1 -> 0.095851829 | I22: =I21/I30-1 -> 0.073251431 | ... M22: =M21/M30-1 -> 0.18907186 | O22: =O21/O30-1 -> 0.11638952 | P22: =P21/P30-1 -> 0.089452619 | Q22: =Q21/Q30-1 -> 0.08524416 | R22: =R21/R30-1 -> 0.14069085 | S22: =S21/S30-1 -> 0.10729723
A23: MoM | B23: =B21/M30-1 -> 0.096975568 | C23: =C21/B21-1 -> 0.016679749 | D23: =D21/C21-1 -> -0.026989642 | E23: =E21/D21-1 -> 0.0386154 | F23: =F21/E21-1 -> -0.0022918988 | G23: =G21/F21-1 -> -0.023482117 | H23: =H21/G21-1 -> 0.16953638 | I23: =I21/H21-1 -> 0.042099676 | J23: =J21/I21-1 -> -0.1112243 | ... M23: =M21/L21-1 -> 0.023026823 | N23: QoQ
A25: Domestic | B25: 28289 | C25: 28765 | D25: 27931 | E25: 28961 | F25: 28964 | G25: 28241 | H25: 32929 | I25: 34105 | J25: 30386 | K25: 32004 | L25: 29712 | M25: =N25-SUM(B25:L25) -> 30113 | N25: 360400 | O25: =SUM(B25:D25) -> 84985 | P25: =SUM(E25:G25) -> 86166 | Q25: =SUM(H25:J25) -> 97420 | R25: =N25-SUM(O25:Q25) -> 91829 | S25: =N25 -> 360400
A26: YoY | B26: =B25/B34-1 -> 0.19026381 | C26: =C25/C34-1 -> 0.11405887 | D26: =D25/D34-1 -> 0.046418403 | E26: =E25/E34-1 -> 0.099339508 | F26: =F25/F34-1 -> 0.092568842 | G26: =G25/G34-1 -> 0.065698113 | H26: =H25/H34-1 -> 0.090653153 | I26: =I25/I34-1 -> 0.064351028 | ... M26: =M25/M34-1 -> 0.17280729 | O26: =O25/O34-1 -> 0.11413364 | P26: =P25/P34-1 -> 0.085843184 | Q26: =Q25/Q34-1 -> 0.078836336 | R26: =R25/R34-1 -> 0.12692978 | S26: =S25/S34-1 -> 0.1007269
A27: MoM | B27: =B25/M34-1 -> 0.10176819 | C27: =C25/B25-1 -> 0.016826328 | D27: =D25/C25-1 -> -0.028993569 | E27: =E25/D25-1 -> 0.036876589 | F27: =F25/E25-1 -> 0.00010358758 | G27: =G25/F25-1 -> -0.024962022 | H27: =H25/G25-1 -> 0.16599979 | I27: =I25/H25-1 -> 0.035713201 | J27: =J25/I25-1 -> -0.10904559 | ... M27: =M25/L25-1 -> 0.01349623 | N27: QoQ
A29: 2013 | B29: Jan | C29: Feb | D29: Mar | E29: Apr | F29: May | G29: Jun | H29: Jul | I29: Aug | J29: Sep | K29: Oct | L29: Nov | M29: Dec | N29: Year | O29: Q1 | P29: Q2 | Q29: Q3 | R29: Q4
A30: Total | B30: 25670 | C30: 27874 | D30: 28783 | E30: 28492 | F30: 28553 | G30: 28654 | H30: 32665 | I30: 34757 | J30: 30485 | K30: 31649 | L30: 28515 | M30: =R30-SUM(K30:L30) -> 27873 | O30: =SUM(B30:D30) -> 82327 | P30: =SUM(E30:G30) -> 85699 | Q30: =SUM(H30:J30) -> 97907 | R30: =S30-SUM(O30:Q30) -> 88037 | S30: 353970
A31: YoY | B31: =B30/B39-1 -> 3.8957497e-05 | C31: 0.185 | D31: =D30/D39-1 -> 0.15003196 | E31: =E30/E39-1 -> 0.093826781 | F31: =F30/F39-1 -> 0.12395686 | G31: =G30/G39-1 -> 0.13239014 | H31: =H30/H39-1 -> 0.092146177 | I31: =I30/I39-1 -> 0.13181803 | J31: =J30/J39-1 -> 0.11096939 | K31: =K30/K39-1 -> 0.11857638 | ... M31: =M30/M39-1 -> 0.087429775 | O31: =O30/O39-1 -> 0.10972273 | P31: =P30/P39-1 -> 0.11651206 | Q31: =Q30/Q39-1 -> 0.11184674 | R31: =R30/R39-1 -> 0.1036908 | S31: =S30/S39-1 -> 0.11043489
A32: MoM | B32: =B30/M39-1 -> 0.0014825218 | C32: =C30/B30-1 -> 0.085858979 | D32: =D30/C30-1 -> 0.032611035 | E32: =E30/D30-1 -> -0.010110134 | F32: =F30/E30-1 -> 0.0021409518 | G32: =G30/F30-1 -> 0.0035372815 | H32: =H30/G30-1 -> 0.13998046 | I32: =I30/H30-1 -> 0.064044084 | J32: =J30/I30-1 -> -0.12291049 | ... M32: =M30/L30-1 -> -0.022514466 | N32: QoQ | O32: =O30/R39-1 -> 0.032106411
A34: Domestic | B34: 23767 | C34: 25820 | D34: 26692 | E34: 26344 | F34: 26510 | G34: 26500 | H34: 30192 | I34: 32043 | J34: 28066 | K34: 29414 | L34: 26396 | M34: =R34-SUM(K34:L34) -> 25676 | O34: =SUM(B34:D34) -> 76279 | P34: =SUM(E34:G34) -> 79354 | Q34: =SUM(H34:J34) -> 90301 | R34: =S34-SUM(O34:Q34) -> 81486 | S34: 327420
A35: YoY | B35: =B34/B43-1 -> -8.4143212e-05 | C35: 0.181 | D35: =D34/D43-1 -> 0.15185777 | E35: =E34/E43-1 -> 0.093974503 | F35: =F34/F43-1 -> 0.12655108 | G35: =G34/G43-1 -> 0.13228508 | H35: =H34/H43-1 -> 0.089609874 | I35: =I34/I43-1 -> 0.12899021 | J35: =J34/J43-1 -> 0.10192383 | K35: =K34/K43-1 -> 0.11522275 | ... M35: =M34/M43-1 -> 0.080548775 | O35: =O34/O43-1 -> 0.10920618 | P35: =P34/P43-1 -> 0.11739443 | Q35: =Q34/Q43-1 -> 0.10715906 | R35: =R34/R43-1 -> 0.098653076 | S35: =S34/S43-1 -> 0.10796031
A36: MoM | B36: =B34/M43-1 -> 0.00021042 | C36: =C34/B34-1 -> 0.086380275 | D36: =D34/C34-1 -> 0.03377227 | E36: =E34/D34-1 -> -0.013037614 | F36: =F34/E34-1 -> 0.0063012451 | G36: =G34/F34-1 -> -0.00037721614 | H36: =H34/G34-1 -> 0.13932075 | I36: =I34/H34-1 -> 0.061307631 | J36: =J34/I34-1 -> -0.12411447 | ... M36: =M34/L34-1 -> -0.02727686 | N36: QoQ | O36: =O34/R43-1 -> 0.028448543
A38: 2012 | B38: Jan | C38: Feb | D38: Mar | E38: Apr | F38: May | G38: Jun | H38: Jul | I38: Aug | J38: Sep | K38: Oct | L38: Nov | M38: Dec | N38: Year | O38: Q1 | P38: Q2 | Q38: Q3 | R38: Q4
A39: Total | B39: 25669 | C39: 23490 | D39: 25028 | E39: 26048 | F39: 25404 | G39: 25304 | H39: 29909 | I39: 30709 | J39: 27440 | K39: 28294 | L39: 25840 | M39: 25632 | N39: =SUM(B39:M39) -> 318767 | O39: =SUM(B39:D39) -> 74187 | P39: =SUM(E39:G39) -> 76756 | Q39: =SUM(H39:J39) -> 88058 | R39: =SUM(K39:M39) -> 79766 | S39: =SUM(O39:R39) -> 318767
A40: YoY | B40: =B39/B48-1 -> 0.13243923 | C40: =C39/C48-1 -> 0.085841076 | D40: 0.086 | E40: =E39/E48-1 -> 0.068942876 | F40: =F39/F48-1 -> 0.055465537 | G40: =G39/G48-1 -> 0.088484536 | H40: =H39/H48-1 -> 0.094765739 | I40: =I39/I48-1 -> 0.11329031 | J40: 0.095 | K40: 0.068 | L40: 0.089 | M40: =M39/M48-1 -> 0.11433788 | N40: =N39/N48-1 -> 0.092419782 | O40: 0.102 | P40: =P39/P48-1 -> 0.07075498 | Q40: =Q39/Q48-1 -> 0.10189576 | R40: =R39/R48-1 -> 0.091429041
A41: MoM | B41: =B39/M48-1 -> 0.11594644 | C41: =C39/B39-1 -> -0.084888387 | D41: =D39/C39-1 -> 0.06547467 | E41: =E39/D39-1 -> 0.040754355 | F41: =F39/E39-1 -> -0.024723587 | G41: =G39/F39-1 -> -0.003936388 | H41: =H39/G39-1 -> 0.18198704 | I41: =I39/H39-1 -> 0.026747802 | J41: =J39/I39-1 -> -0.10645088 | ... M41: =M39/L39-1 -> -0.0080495356 | N41: QoQ
A43: Domestic | B43: 23769 | C43: 21827 | D43: 23173 | E43: 24081 | F43: 23532 | G43: 23404 | H43: 27709 | I43: 28382 | J43: 25470 | K43: 26375 | L43: 24032 | M43: 23762 | N43: =SUM(B43:M43) -> 295516 | O43: =SUM(B43:D43) -> 68769 | P43: =SUM(E43:G43) -> 71017 | Q43: =SUM(H43:J43) -> 81561 | R43: =SUM(K43:M43) -> 74169 | S43: =SUM(O43:R43) -> 295516
A44: YoY | B44: =B43/B52-1 -> 0.13423363 | C44: =C43/C52-1 -> 0.091786715 | D44: 0.083 | E44: =E43/E52-1 -> 0.058412447 | F44: =F43/F52-1 -> 0.046564376 | G44: =G43/G52-1 -> 0.08402038 | H44: =H43/H52-1 -> 0.092195507 | I44: =I43/I52-1 -> 0.10932187 | J44: 0.097 | K44: 0.074 | L44: 0.09 | M44: =M43/M52-1 -> 0.11815915 | N44: =N43/N52-1 -> 0.091068857 | O44: 0.103 | P44: =P43/P52-1 -> 0.062699208 | Q44: =Q43/Q52-1 -> 0.10033188 | R44: =R43/R52-1 -> 0.095165672
A45: MoM | B45: =B43/M52-1 -> 0.11848854 | C45: =C43/B43-1 -> -0.081703059 | D45: =D43/C43-1 -> 0.061666743 | E45: =E43/D43-1 -> 0.039183533 | F45: =F43/E43-1 -> -0.022798057 | G45: =G43/F43-1 -> -0.0054394017 | H45: =H43/G43-1 -> 0.18394292 | I45: =I43/H43-1 -> 0.024288137 | J45: =J43/I43-1 -> -0.10260024 | ... M45: =M43/L43-1 -> -0.01123502 | N45: QoQ
A47: 2011 | B47: Jan | C47: Feb | D47: Mar | E47: Apr | F47: May | G47: Jun | H47: Jul | I47: Aug | J47: Sep | K47: Oct | L47: Nov | M47: Dec | N47: Year | O47: Q1 | P47: Q2 | Q47: Q3 | R47: Q4
A48: Total | B48: 22667 | C48: 21633 | D48: 22816 | E48: 24368 | F48: 24069 | G48: 23247 | H48: 27320 | I48: 27584 | J48: 25011 | K48: 26377 | L48: 23705 | M48: 23002 | N48: =SUM(B48:M48) -> 291799 | O48: =SUM(B48:D48) -> 67116 | P48: =SUM(E48:G48) -> 71684 | Q48: =SUM(H48:J48) -> 79915 | R48: =SUM(K48:M48) -> 73084 | S48: =SUM(O48:R48) -> 291799
A49: YoY | B49: =B48/B57-1 -> 0.16786027 | C49: =C48/C57-1 -> 0.068408888 | D49: =D48/D57-1 -> 0.050170303 | E49: =E48/E57-1 -> 0.12992674 | F49: =F48/F57-1 -> 0.11799078 | G49: =G48/G57-1 -> 0.063984622 | H49: 0.071 | I49: 0.045 | J49: 0.097 | K49: 0.075 | L49: 0.138 | M49: 0.092 | N49: =N48/N57-1 -> 0.092938825 | O49: =O48/O57-1 -> 0.093399582 | P49: =P48/P57-1 -> 0.10378512 | Q49: =Q48/Q57-1 -> 0.074588533 | R49: =R48/R57-1 -> 0.10247243
A50: MoM | B50: =B48/M57-1 -> 0.077789929 | C50: =C48/B48-1 -> -0.045616976 | D50: =D48/C48-1 -> 0.054684972 | E50: =E48/D48-1 -> 0.06802244 | F50: =F48/E48-1 -> -0.01227019 | G50: =G48/F48-1 -> -0.034151814 | H50: =H48/G48-1 -> 0.1752054 | I50: =I48/H48-1 -> 0.0096632504 | J50: =J48/I48-1 -> -0.093278712 | ... M50: =M48/L48-1 -> -0.029656191 | N50: QoQ | O50: =O48/R57-1 -> 0.012445128 | P50: =P48/O48-1 -> 0.068061267 | Q50: =Q48/P48-1 -> 0.11482339 | R50: =R48/Q48-1 -> -0.085478321
A52: Domestic | B52: 20956 | C52: 19992 | D52: 21227 | E52: 22752 | F52: 22485 | G52: 21590 | H52: 25370 | I52: 25585 | J52: 23169 | K52: 24456 | L52: 22017 | M52: 21251 | N52: =SUM(B52:M52) -> 270850 | O52: =SUM(B52:D52) -> 62175 | P52: =SUM(E52:G52) -> 66827 | Q52: =SUM(H52:J52) -> 74124 | R52: =SUM(K52:M52) -> 67724 | S52: =SUM(O52:R52) -> 270850
A53: YoY | B53: =B52/B61-1 -> 0.16131892 | C53: =C52/C61-1 -> 0.065702204 | D53: =D52/D61-1 -> 0.051987313 | E53: =E52/E61-1 -> 0.13959429 | F53: =F52/F61-1 -> 0.12626037 | G53: =G52/G61-1 -> 0.064175868 | H53: 0.069 | I53: 0.046 | J53: 0.098 | K53: 0.073 | L53: 0.139 | M53: 0.091 | N53: =N52/N61-1 -> 0.095911966 | O53: =O52/O61-1 -> 0.091125196 | P53: =P52/P61-1 -> 0.10976414 | Q53: =Q52/Q61-1 -> 0.073794003 | R53: =R52/R61-1 -> 0.11176042
A54: MoM | B54: =B52/M61-1 -> 0.1097224 | C54: =C52/B52-1 -> -0.046001145 | D54: =D52/C52-1 -> 0.06177471 | E54: =E52/D52-1 -> 0.071842465 | F54: =F52/E52-1 -> -0.011735232 | G54: =G52/F52-1 -> -0.039804314 | H54: =H52/G52-1 -> 0.17508106 | I54: =I52/H52-1 -> 0.0084745763 | J54: =J52/I52-1 -> -0.09443033 | ... M54: =M52/L52-1 -> -0.034791298 | O54: =O52/R61-1 -> 0.020667771 | P54: =P52/O52-1 -> 0.07482107 | Q54: =Q52/P52-1 -> 0.10919239 | R54: =R52/Q52-1 -> -0.086341806
A56: 2010 | B56: Jan | C56: Feb | D56: Mar | E56: Apr | F56: May | G56: Jun | H56: Jul | I56: Aug | J56: Sep | K56: Oct | L56: Nov | M56: Dec | N56: Year | O56: Q1 | P56: Q2 | Q56: Q3 | R56: Q4
A57: Total | B57: 19409 | C57: 20247.866 | D57: 21726 | E57: 21566 | F57: 21528.8 | G57: 21849 | H57: 25472 | I57: 26296 | J57: 22600 | K57: 24476 | L57: 20784 | M57: 21031 | N57: =SUM(B57:M57) -> 266985.67 | O57: =SUM(B57:D57) -> 61382.866 | P57: =SUM(E57:G57) -> 64943.8 | Q57: =SUM(H57:J57) -> 74368 | R57: =SUM(K57:M57) -> 66291 | S57: =SUM(O57:R57) -> 266985.67
A58: YoY | B58: =B57/B66-1 -> 0.11060883 | C58: =C57/C66-1 -> 0.18979116 | D58: =D57/D66-1 -> 0.20405675 | E58: =E57/E66-1 -> 0.14505681 | F58: =F57/F66-1 -> 0.18740279 | G58: =G57/G66-1 -> 0.23336156 | H58: =H57/H66-1 -> 0.21133726 | I58: =I57/I66-1 -> 0.16168934 | ... R58: =R57/R66-1 -> 0.10418749
A59: MoM | B59: =B57/M66-1 -> 0.035367545 | C59: =C57/B57-1 -> 0.043220465 | D59: =D57/C57-1 -> 0.073001965 | E59: =E57/D57-1 -> -0.0073644481 | F59: =F57/E57-1 -> -0.0017249374 | G59: =G57/F57-1 -> 0.0148731 | H59: =H57/G57-1 -> 0.16581995 | I59: =I57/H57-1 -> 0.032349246 | J59: =J57/I57-1 -> -0.1405537 | ... M59: =M57/L57-1 -> 0.011884142 | O59: =O57/R66-1 -> 0.022434306 | P59: =P57/O57-1 -> 0.058011856 | Q59: =Q57/P57-1 -> 0.14511316 | R59: =R57/Q57-1 -> -0.10860854
A61: Domestic | B61: 18045 | C61: 18759.462 | D61: 20178 | E61: 19965 | F61: 19964.3 | G61: 20288 | H61: 23709 | I61: 24394 | J61: 20927 | K61: 22744 | L61: 19288 | M61: =M70*(1+M62) -> 18884.002 | N61: =SUM(B61:M61) -> 247145.76 | O61: =SUM(B61:D61) -> 56982.462 | P61: =SUM(E61:G61) -> 60217.3 | Q61: =SUM(H61:J61) -> 69030 | R61: =SUM(K61:M61) -> 60916.002
A62: YoY | B62: =B61/B70-1 -> 0.1090965 | C62: =C61/C70-1 -> 0.17518399 | D62: =D61/D70-1 -> 0.19573333 | E62: =E61/E70-1 -> 0.13463287 | F62: =F61/F70-1 -> 0.17195773 | G62: =G61/G70-1 -> 0.21419594 | H62: =H61/H70-1 -> 0.19712194 | I62: =I61/I70-1 -> 0.15000943 | ... L62: =L61/L70-1 -> 0.053355906 | M62: 0.117 | N62: =N61/N70-1 -> 0.14918913 | O62: =O61/O70-1 -> 0.16034988 | P62: =P61/P70-1 -> 0.17291196 | Q62: =Q61/Q70-1 -> 0.16898952 | R62: =R61/R70-1 -> 0.096360858
A63: MoM | B63: =B61/M70-1 -> 0.06737253 | C63: =C61/B61-1 -> 0.03959335 | D63: =D61/C61-1 -> 0.075617201 | E63: =E61/D61-1 -> -0.010556051 | F63: =F61/E61-1 -> -3.5061357e-05 | G63: =G61/F61-1 -> 0.016213942 | H63: =H61/G61-1 -> 0.16862185 | I63: =I61/H61-1 -> 0.028891982 | J63: =J61/I61-1 -> -0.14212511 | ... M63: =M61/L61-1 -> -0.020945562 | O63: =O61/R70-1 -> 0.02556535 | P63: =P61/O61-1 -> 0.056769011 | Q63: =Q61/P61-1 -> 0.14634831 | R63: =R61/Q61-1 -> -0.11754307
A65: 2009 | B65: Jan | C65: Feb | D65: Mar | E65: Apr | F65: May | G65: Jun | H65: Jul | I65: Aug | J65: Sep | K65: Oct | L65: Nov | M65: Dec | N65: Year | O65: Q1 | P65: Q2 | Q65: Q3 | R65: Q4
A66: Total | B66: 17476 | C66: 17018 | D66: 18044 | E66: 18834 | F66: 18131 | G66: 17715 | H66: 21028 | I66: 22636 | J66: 19306 | K66: 21707 | L66: 19583 | M66: 18746 | N66: =SUM(B66:M66) -> 230224 | O66: =SUM(B66:D66) -> 52538 | P66: =SUM(E66:G66) -> 54680 | Q66: =SUM(H66:J66) -> 62970 | R66: =SUM(K66:M66) -> 60036
A67: YoY | B67: =B66/B78-1 -> 0.17921727 | C67: =C66/C78-1 -> 0.13264559 | D67: 0.133 | E67: =E66/E78-1 -> 0.1300174 | F67: =F66/F78-1 -> 0.17802612 | G67: =G66/G78-1 -> 0.24604347 | H67: =H66/H78-1 -> 0.22405262 | I67: =I66/I78-1 -> 0.41856239 | J67: =J66/J78-1 -> 0.17633439 | K67: =K66/K78-1 -> 0.1833297 | L67: =L66/L78-1 -> 0.18541162 | ... R67: =R66/R78-1 -> 0.1879848
A68: MoM | B68: =B66/M78-1 -> 0.11510975 | C68: =C66/B66-1 -> -0.02620737 | D68: =D66/C66-1 -> 0.060289106 | E68: =E66/D66-1 -> 0.043781867 | F68: =F66/E66-1 -> -0.037326112 | G68: =G66/F66-1 -> -0.022944129 | H68: =H66/G66-1 -> 0.18701665 | I68: =I66/H66-1 -> 0.076469469 | J68: =J66/I66-1 -> -0.1471108 | ... M68: =M66/L66-1 -> -0.042741153 | O68: =O66/R79-1 -> 1175518.5 | P68: =P66/O66-1 -> 0.04077049 | Q68: =Q66/P66-1 -> 0.15160936 | R68: =R66/Q66-1 -> -0.046593616
A70: Domestic | B70: 16270 | C70: 15963 | D70: 16875 | E70: 17596 | F70: 17035 | G70: 16709 | H70: 19805 | I70: 21212 | J70: 18034 | K70: 20345 | L70: 18311 | M70: 16906 | N70: =SUM(B70:M70) -> 215061 | O70: =SUM(B70:D70) -> 49108 | P70: =SUM(E70:G70) -> 51340 | Q70: =SUM(H70:J70) -> 59051 | R70: =SUM(K70:M70) -> 55562
A71: YoY | B71: =B70/B82-1 -> 0.21508588 | C71: =C70/C82-1 -> 0.17288758 | D71: =D70/D82-1 -> 0.15836079 | E71: =E70/E82-1 -> 0.15444167 | F71: =F70/F82-1 -> 0.21116246 | G71: =G70/G82-1 -> 0.27989276 | H71: =H70/H82-1 -> 0.23557302 | I71: =I70/I82-1 -> 0.43810169 | ... R71: =R70/R82-1 -> 0.17835935
A72: MoM | B72: =B70/M82-1 -> 0.11591221 | C72: =C70/B70-1 -> -0.018869084 | D72: =D70/C70-1 -> 0.057132118 | E72: =E70/D70-1 -> 0.042725926 | F72: =F70/E70-1 -> -0.031882246 | G72: =G70/F70-1 -> -0.019137071 | H72: =H70/G70-1 -> 0.18528937 | I72: =I70/H70-1 -> 0.071042666 | J72: =J70/I70-1 -> -0.14982086 | ... M72: =M70/L70-1 -> -0.076729835 | O72: =O70/R83-1 -> 428125.22 | P72: =P70/O70-1 -> 0.045450843 | Q72: =Q70/P70-1 -> 0.15019478 | R72: =R70/Q70-1 -> -0.05908452
A74: Ctrip Ticket
A75: Market Share
A77: 2008 | B77: Jan | C77: Feb | D77: Mar | E77: Apr | F77: May | G77: Jun | H77: Jul | I77: Aug | J77: Sep | K77: Oct | L77: Nov | M77: Dec | N77: Year | O77: Q1 | P77: Q2 | Q77: Q3 | R77: Q4
A78: Total | B78: 14820 | C78: 15025 | D78: =D66/(D67+1) -> 15925.861 | E78: 16667 | F78: 15391 | G78: 14217 | H78: 17179 | I78: 15957 | J78: 16412 | K78: 18344 | L78: 16520 | M78: 15672 | N78: =SUM(B78:M78) -> 192129.86 | O78: =SUM(B78:D78) -> 45770.861 | P78: =SUM(E78:G78) -> 46275 | Q78: =SUM(H78:J78) -> 49548 | R78: =SUM(K78:M78) -> 50536
A79: YoY | B79: 0.183 | C79: 0.098 | D79: 0.06 | E79: 0.058 | F79: -0.011 | G79: -0.038 | H79: -0.016 | I79: -0.124 | J79: =J78/J90-1 -> 0.0096585666 | K79: =K78/K90-1 -> -0.015879828 | L79: =L66/L78-1 -> 0.18541162 | M79: =M78/M90-1 -> 0.086371829 | N79: =N78/N90-1 -> 0.027509335 | O79: =O78/O90-1 -> 0.11947514 | P79: =P78/P90-1 -> 0.010084474 | Q79: =Q78/Q90-1 -> -0.04555699 | R79: =R78/R90-1 -> 0.04469343
A80: MoM | B80: =B78/M90-1 -> 0.027311798 | C80: =C78/B78-1 -> 0.013832659 | D80: =D78/C78-1 -> 0.059957441 | E80: =E78/D78-1 -> 0.046536854 | F80: =F78/E78-1 -> -0.076558469 | G80: =G78/F78-1 -> -0.076278344 | H80: =H78/G78-1 -> 0.20834213 | I80: =I78/H78-1 -> -0.07113336 | J80: =J78/I78-1 -> 0.028514132 | ... M80: =M78/L78-1 -> -0.051331719 | O80: =O78/R90-1 -> -0.053812781 | P80: =P78/O78-1 -> 0.011014419 | Q80: =Q78/P78-1 -> 0.070729335 | R80: =R78/Q78-1 -> 0.01994026
A82: Domestic | B82: 13390 | C82: 13610 | D82: 14568 | E82: 15242 | F82: 14065 | G82: 13055 | H82: 16029 | I82: 14750 | J82: 15304 | K82: 17131 | L82: 15441 | M82: 14580 | N82: =O82+P82+Q82+R82 -> 177165 | O82: =SUM(B82:D82) -> 41568 | P82: =SUM(E82:G82) -> 42362 | Q82: =SUM(H82:J82) -> 46083 | R82: =SUM(K82:M82) -> 47152
A83: YoY | B83: =B82/B94-1 -> 0.18181818 | C83: =C82/C94-1 -> 0.095813205 | D83: =D82/D94-1 -> 0.074336283 | E83: =E82/E94-1 -> 0.068114926 | F83: =F82/F94-1 -> -0.0060070671 | G83: =G82/G94-1 -> -0.022829341 | H83: =H82/H94-1 -> 0.0049529781 | I83: =I82/I94-1 -> -0.11037394 | J83: 0.031 | K83: =K82/K94-1 -> 0.11602606 | L83: =L82/L94-1 -> 0.10926724 | M83: =M82/M94-1 -> 0.11895625 | N83: =N82/N94-1 -> 0.049928885 | O83: =O82/O94-1 -> 0.1141249 | P83: =P82/P94-1 -> 0.01393011 | Q83: =Q82/Q94-1 -> -0.026758184 | R83: =R82/R94-1 -> 0.11470449
A84: MoM | B84: =B82/M94-1 -> 0.02762855 | C84: =C82/B82-1 -> 0.016430172 | D84: =D82/C82-1 -> 0.07038942 | E84: =E82/D82-1 -> 0.046265788 | F84: =F82/E82-1 -> -0.077220837 | G84: =G82/F82-1 -> -0.071809456 | H84: =H82/G82-1 -> 0.22780544 | I84: =I82/H82-1 -> -0.079792875 | J84: =J82/I82-1 -> 0.037559322 | ... M84: =M82/L82-1 -> -0.055760637 | O84: =O82/R94-1 -> -0.017304965 | P84: =P82/O82-1 -> 0.019101232 | Q84: =Q82/P82-1 -> 0.087838157 | R84: =R82/Q82-1 -> 0.023197274
A86: Ctrip Ticket | Q86: 400.4
A87: Market Share | Q87: =Q86/Q78 -> 0.0080810527
A89: 2007 | B89: Jan | C89: Feb | D89: Mar | E89: Apr | F89: May | G89: Jun | H89: Jul | I89: Aug | J89: Sep | K89: Oct | L89: Nov | M89: Dec | N89: Year | O89: Q1 | P89: Q2 | Q89: Q3 | R89: Q4
A90: Total | B90: 12417 | C90: 13639 | D90: 14830 | E90: 15629 | F90: 15466 | G90: 14718 | H90: 17447 | I90: 18211 | J90: 16255 | K90: 18640 | L90: 15308 | M90: 14426 | N90: =SUM(B90:M90) -> 186986 | O90: =SUM(B90:D90) -> 40886 | P90: =SUM(E90:G90) -> 45813 | Q90: =SUM(H90:J90) -> 51913 | R90: =SUM(K90:M90) -> 48374
A91: YoY | B91: 0.085 | C91: 0.221 | D91: 0.181 | E91: 0.151 | F91: 0.194 | G91: 0.182 | H91: 0.155 | I91: 0.159 | J91: 0.145 | K91: 0.152 | L91: 0.146 | M91: 0.163
A92: MoM | B92: - | C92: =C90/B90-1 -> 0.098413465 | D92: =D90/C90-1 -> 0.087323118 | E92: =E90/D90-1 -> 0.053877276 | F92: =F90/E90-1 -> -0.01042933 | G92: =G90/F90-1 -> -0.048364154 | H92: =H90/G90-1 -> 0.18541921 | I92: =I90/H90-1 -> 0.043789763 | J92: =J90/I90-1 -> -0.10740761 | ... M92: =M90/L90-1 -> -0.057616932
A94: Domestic | B94: 11330 | C94: 12420 | D94: 13560 | E94: 14270 | F94: 14150 | G94: 13360 | H94: 15950 | I94: 16580 | J94: 14820 | K94: 15350 | L94: 13920 | M94: 13030 | N94: =SUM(B94:M94) -> 168740 | O94: =SUM(B94:D94) -> 37310 | P94: =SUM(E94:G94) -> 41780 | Q94: =SUM(H94:J94) -> 47350 | R94: =SUM(K94:M94) -> 42300
Q98: Unit: ,000

Sheet CAAC Data
A1: unit: '000
A2: 2026 | B2: Jan | C2: Feb | D2: Mar | E2: Apr | F2: May | G2: Jun | H2: Jul | I2: Aug | J2: Sep | K2: Oct | L2: Nov | M2: Dec | N2: Year | O2: Q1 | P2: Q2 | Q2: Q3 | R2: Q4
A3: Total | B3: 62992 | C3: 68305 | D3: 66632 | E3: 61199 | F3: 59126 | G3: 57270 | H3: 74629 | N3: =SUM(B3:M3) -> 450153 | O3: =SUM(B3:D3) -> 197929 | P3: =SUM(E3:G3) -> 177595 | Q3: =SUM(H3:J3) -> 74629 | R3: =SUM(K3:M3) -> 0
A4: YoY vs 2025 | B4: =B3/B29-1 -> -0.02933925 | C4: =C3/C29-1 -> 0.11034348 | D4: =D3/D29-1 -> 0.12088282 | E4: =E3/E29-1 -> 0.0044149023 | F4: =F3/F29-1 -> -0.071382576 | G4: =G3/G29-1 -> -0.064506117 | H4: =H3/H29-1 -> 0.039111668 | I4: =I3/I29-1 -> -1 | ... R4: =R3/R29-1 -> -1
A5: YoY vs 2019 | B5: =B3/B$201-1 -> 0.17933836 | C5: =C3/C$201-1 -> 0.2689964 | D5: =D3/D$201-1 -> 0.24536483 | E5: =E3/E$201-1 -> 0.15213299 | F5: =F3/F$201-1 -> 0.084701609 | G5: =G3/G$201-1 -> 0.072190811 | H5: =H3/H$201-1 -> 0.25847793 | I5: =I3/I$201-1 -> -1 | ... R5: =R3/R$201-1 -> -1
A7: Domestic | B7: =B11-B23 -> 55342 | C7: =C11-C23 -> 60571 | D7: =D11-D23 -> 58642 | E7: =E11-E23 -> 53577 | F7: =F11-F23 -> 51901 | G7: =G11-G23 -> 50197 | H7: =H11-H23 -> 66502 | N7: =SUM(B7:M7) -> 396732 | O7: =SUM(B7:D7) -> 174555 | P7: =SUM(E7:G7) -> 155675 | Q7: =SUM(H7:J7) -> 66502 | R7: =SUM(K7:M7) -> 0
A8: YoY vs 2025 | B8: =B7/B33-1 -> -0.045712414 | C8: =C7/C33-1 -> 0.10351801 | D8: =D7/D33-1 -> 0.11486692 | E8: =E7/E33-1 -> -0.0023648145 | F8: =F7/F33-1 -> -0.080633447 | G8: =G7/G33-1 -> -0.0705292 | H8: =H7/H33-1 -> 0.040899059 | I8: =I7/I33-1 -> -1 | ... R8: =R7/R33-1 -> -1
A9: YoY vs 2019 | B9: =B7/B$205-1 -> 0.19420828 | C9: =C7/C$205-1 -> 0.2932021 | D9: =D7/D$205-1 -> 0.2628836 | E9: =E7/E$205-1 -> 0.16497065 | F9: =F7/F$205-1 -> 0.09456524 | G9: =G7/G$205-1 -> 0.084215301 | H9: =H7/H$205-1 -> 0.2885737 | I9: =I7/I$205-1 -> -1 | ... R9: =R7/R$205-1 -> -1
A11: Domestic+Regional | B11: 56157 | C11: 61442 | D11: 59511 | E11: 54411 | F11: 52700 | G11: 50988 | H11: 67369 | N11: =SUM(B11:M11) -> 402578 | O11: =SUM(B11:D11) -> 177110 | P11: =SUM(E11:G11) -> 158099 | Q11: =SUM(H11:J11) -> 67369 | R11: =SUM(K11:M11) -> 0
A12: YoY vs 2025 | B12: =B11/B37-1 -> -0.045046424 | C12: =C11/C37-1 -> 0.10548948 | D12: =D11/D37-1 -> 0.11525271 | E12: =E11/E37-1 -> -0.0019260401 | F12: =F11/F37-1 -> -0.079684962 | G12: =G11/G37-1 -> -0.070020245 | H12: =H11/H37-1 -> 0.040801508 | I12: =I11/I37-1 -> -1 | ... R12: =R11/R37-1 -> -1
A14: Intl + Regional | B14: =B19+B23 -> 7649 | C14: =C19+C23 -> 7734 | D14: =D19+D23 -> 7990 | E14: =E19+E23 -> 7622 | F14: =F19+F23 -> 7225 | G14: =G19+G23 -> 7072 | H14: =H19+H23 -> 8127 | N14: =SUM(B14:M14) -> 53419 | O14: =SUM(B14:D14) -> 23373 | P14: =SUM(E14:G14) -> 21919 | Q14: =SUM(H14:J14) -> 8127 | R14: =SUM(K14:M14) -> 0
A15: YoY vs 2025 | B15: =B14/B40-1 -> -0.0086832556 | C15: =C14/C40-1 -> 0.16704391 | D15: =D14/D40-1 -> 0.16710488 | E15: =E14/E40-1 -> 0.054802104 | F15: =F14/F40-1 -> 0.00083114005 | G15: =G14/G40-1 -> -0.019548038 | H15: =H14/H40-1 -> 0.024583964 | I15: =I14/I40-1 -> -1 | ... R15: =R14/R40-1 -> -1
A16: YoY vs 2019 | B16: =B14/B$213-1 -> 0.081742328 | C16: =C14/C$213-1 -> 0.10675444 | D16: =D14/D$213-1 -> 0.13028717 | E16: =E14/E$213-1 -> 0.069304153 | F16: =F14/F$213-1 -> 0.018753525 | G16: =G14/G$213-1 -> -0.006183249 | H16: =H14/H$213-1 -> 0.056552262 | I16: =I14/I$213-1 -> -1 | ... R16: =R14/R$213-1 -> -1
A17: MoM
A19: Pure Intl | B19: 6834 | C19: 6863 | D19: 7121 | E19: 6788 | F19: 6426 | G19: 6281 | H19: 7260 | N19: =SUM(B19:M19) -> 47573 | O19: =SUM(B19:D19) -> 20818 | P19: =SUM(E19:G19) -> 19495 | Q19: =SUM(H19:J19) -> 7260 | R19: =SUM(K19:M19) -> 0
A20: YoY vs 2025 | B20: =B19/B45-1 -> -0.0099956541 | C20: =C19/C45-1 -> 0.15597103 | D20: =D19/D45-1 -> 0.17025472 | E20: =E19/E45-1 -> 0.058309947 | F20: =F19/F45-1 -> 0.0026525199 | G20: =G19/G45-1 -> -0.017365457 | H20: =H19/H45-1 -> 0.023544339 | I20: =I19/I45-1 -> -1 | ... R20: =R19/R45-1 -> -1
A21: YoY vs 2019 | B21: =B19/B$217-1 -> 0.12493827 | C21: =C19/C$217-1 -> 0.14900385 | D21: =D19/D$217-1 -> 0.17780351 | E21: =E19/E$217-1 -> 0.11644737 | F21: =F19/F$217-1 -> 0.065494943 | G21: =G19/G$217-1 -> 0.032889327 | H21: =H19/H$217-1 -> 0.1016692 | I21: =I19/I$217-1 -> -1 | ... R21: =R19/R$217-1 -> -1
A23: Regional | B23: 815 | C23: 871 | D23: 869 | E23: 834 | F23: 799 | G23: 791 | H23: 867 | M23: 828 | N23: =SUM(B23:M23) -> 6674 | O23: =SUM(B23:D23) -> 2555 | P23: =SUM(E23:G23) -> 2424 | Q23: =SUM(H23:J23) -> 867 | R23: =SUM(K23:M23) -> 828
A24: YoY vs 2025 | B24: =B23/B49-1 -> 0.0024600246 | C24: =C23/C49-1 -> 0.26231884 | D24: =D23/D49-1 -> 0.14191853 | E24: =E23/E49-1 -> 0.027093596 | F24: =F23/F49-1 -> -0.013580247 | G24: =G23/G49-1 -> -0.036540804 | H24: =H23/H49-1 -> 0.033373063 | I24: =I23/I49-1 -> -1 | ... R24: =R23/R49-1 -> -0.66706876
A25: YoY vs 2019 | B25: =B23/B$221-1 -> -0.18172691 | C25: =C23/C$221-1 -> -0.14187192 | D25: =D23/D$221-1 -> -0.15053763 | E25: =E23/E$221-1 -> -0.20419847 | F25: =F23/F$221-1 -> -0.24693685 | G25: =G23/G$221-1 -> -0.23574879 | H25: =H23/H$221-1 -> -0.21324864 | I25: =I23/I$221-1 -> -1 | ... R25: =R23/R$221-1 -> -0.61488372
A27: unit: '000
A28: 2025 | B28: Jan | C28: Feb | D28: Mar | E28: Apr | F28: May | G28: Jun | H28: Jul | I28: Aug | J28: Sep | K28: Oct | L28: Nov | M28: Dec | N28: Year | O28: Q1 | P28: Q2 | Q28: Q3 | R28: Q4
A29: Total | B29: 64896 | C29: 61517 | D29: 59446 | E29: 60930 | F29: 63671 | G29: 61219 | H29: 71820 | I29: 75364 | J29: 62667 | K29: 67835 | L29: 60172 | M29: 60602 | N29: =SUM(B29:M29) -> 770139 | O29: =SUM(B29:D29) -> 185859 | P29: =SUM(E29:G29) -> 185820 | Q29: =SUM(H29:J29) -> 209851 | R29: =SUM(K29:M29) -> 188609
A30: YoY vs 2024 | B30: =B29/B55-1 -> 0.13220978 | C30: =C29/C55-1 -> -0.015412932 | D30: =D29/D55-1 -> 0.035103604 | E30: =E29/E55-1 -> 0.089008043 | F30: =F29/F55-1 -> 0.081534202 | G30: =G29/G55-1 -> 0.043535328 | H30: =H29/H55-1 -> 0.038822032 | I30: =I29/I55-1 -> 0.033416979 | ... R30: =R29/R55-1 -> 0.062567957
A31: YoY vs 2019 | B31: =B29/B201-1 -> 0.21498512 | C31: =C29/C201-1 -> 0.14288634 | D31: =D29/D201-1 -> 0.11105712 | E31: =E29/E201-1 -> 0.14706879 | F31: =F29/F201-1 -> 0.16808234 | G31: =G29/G201-1 -> 0.14612274 | H31: =H29/H201-1 -> 0.21110942 | I31: =I29/I201-1 -> 0.23067376 | ... R31: =R29/R201-1 -> 0.15853194
A33: Domestic | B33: 57993 | C33: =C37-C49 -> 54889 | D33: =53361-761 -> 52600 | E33: =54516-812 -> 53704 | F33: =57263-810 -> 56453 | G33: =54827-821 -> 54006 | H33: =64728-839 -> 63889 | I33: =67899-910 -> 66989 | J33: =56209-726 -> 55483 | K33: =K37-K49 -> 60000 | L33: =L37-L49 -> 52651 | M33: =M37-M49 -> 52939 | N33: =SUM(B33:M33) -> 681596 | O33: =SUM(B33:D33) -> 165482 | P33: =SUM(E33:G33) -> 164163 | Q33: =SUM(H33:J33) -> 186361 | R33: =SUM(K33:M33) -> 165590
A34: YoY vs 2024 | B34: =B33/B59-1 -> 0.11108344 | C34: =C33/C59-1 -> -0.033474203 | D34: =D33/D59-1 -> 0.015071692 | E34: =E33/E59-1 -> 0.07286766 | F34: =F33/F59-1 -> 0.065472596 | G34: =G33/G59-1 -> 0.028626936 | H34: =H33/H59-1 -> 0.028079943 | I34: =I33/I59-1 -> 0.022342617 | ... R34: =R33/R59-1 -> 0.051405133
A35: YoY vs 2019 | B35: =B33/B205-1 -> 0.2514134 | C35: =C33/C205-1 -> 0.17189035 | D35: =D33/D205-1 -> 0.13276623 | E35: =E33/E205-1 -> 0.16773212 | F35: =F33/F205-1 -> 0.19056457 | G35: =G33/G205-1 -> 0.16648667 | H35: =H33/H205-1 -> 0.23794299 | I35: =I33/I205-1 -> 0.25704153 | ... R35: =R33/R205-1 -> 0.16303897
A37: Domestic+Regional | B37: =B33+B49 -> 58806 | C37: 55579 | D37: 53361 | E37: 54516 | F37: 57263 | G37: 54827 | H37: 64728 | I37: 67899 | J37: 56209 | K37: 60845 | L37: 53465 | M37: 53767 | N37: =SUM(B37:M37) -> 691265 | O37: =SUM(B37:D37) -> 167746 | P37: =SUM(E37:G37) -> 166606 | Q37: =SUM(H37:J37) -> 188836 | R37: =SUM(K37:M37) -> 168077
A38: YoY vs 2024 | B38: =B37/B63-1 -> 0.11063685 | C38: =C37/C63-1 -> -0.034852221 | D38: =D37/D63-1 -> 0.014969376 | E38: =E37/E63-1 -> 0.072041689 | F38: =F37/F63-1 -> 0.064942069 | G38: =G37/G63-1 -> 0.028494785 | H38: =H37/H63-1 -> 0.02733073 | I38: =I37/I63-1 -> 0.02172899 | ... R38: =R37/R63-1 -> 0.051480156
A40: Intl + Regional | B40: =B45+B49 -> 7716 | C40: =C45+C49 -> 6627 | D40: =D45+D49 -> 6846 | E40: =E45+E49 -> 7226 | F40: =F45+F49 -> 7219 | G40: =G45+G49 -> 7213 | H40: =H45+H49 -> 7932 | I40: =I45+I49 -> 8375 | ... M40: =M45+M49 -> 7664 | N40: =SUM(B40:M40) -> 89358 | O40: =SUM(B40:D40) -> 21189 | P40: =SUM(E40:G40) -> 21658 | Q40: =SUM(H40:J40) -> 23491 | R40: =SUM(K40:M40) -> 23020
A41: YoY vs 2024 | B41: =B40/B66-1 -> 0.5058548 | C41: =C40/C66-1 -> 0.16487959 | D41: =D40/D66-1 -> 0.22010337 | E41: =E40/E66-1 -> 0.22640869 | F41: =F40/F66-1 -> 0.22626125 | G41: =G40/G66-1 -> 0.17056151 | H41: =H40/H66-1 -> 0.13443936 | I41: =I40/I66-1 -> 0.13145096 | ... R41: =R40/R66-1 -> 0.15048228
A42: YoY vs 2019 | B42: =B40/B213-1 -> 0.09121765 | C42: =C40/C213-1 -> -0.051659989 | D42: =D40/D213-1 -> -0.031546188 | E42: =E40/E213-1 -> 0.013748597 | F42: =F40/F213-1 -> 0.017907501 | G42: =G40/G213-1 -> 0.013631254 | H42: =H40/H213-1 -> 0.031201248 | I42: =I40/I213-1 -> 0.053856801 | ... R42: =R40/R213-1 -> 0.12721575
A43: MoM
A45: Pure Intl | B45: 6903 | C45: 5937 | D45: 6085 | E45: =6414 -> 6414 | F45: 6409 | G45: 6392 | H45: 7093 | I45: 7465 | J45: 6458 | K45: 6990 | L45: 6707 | M45: 6836 | N45: =SUM(B45:M45) -> 79689 | O45: =SUM(B45:D45) -> 18925 | P45: =SUM(E45:G45) -> 19215 | Q45: =SUM(H45:J45) -> 21016 | R45: =SUM(K45:M45) -> 20533
A46: YoY vs 2024 | B46: =B45/B71-1 -> 0.57927248 | C46: =C45/C71-1 -> 0.21336603 | D46: =D45/D71-1 -> 0.25308896 | E46: =E45/E71-1 -> 0.25863422 | F46: =F45/F71-1 -> 0.25666667 | G46: =G45/G71-1 -> 0.19320515 | H46: =H45/H71-1 -> 0.15709625 | I46: =I45/I71-1 -> 0.15343016 | ... R46: =R45/R71-1 -> 0.16301331
A47: YoY vs 2019 | B47: =B45/B217-1 -> 0.1362963 | C47: =C45/C217-1 -> -0.006027122 | D47: =D45/D217-1 -> 0.0064505458 | E47: =E45/E217-1 -> 0.054934211 | F47: =F45/F217-1 -> 0.062676173 | G47: =G45/G217-1 -> 0.051142904 | H47: =H45/H217-1 -> 0.076327769 | I47: =I45/I217-1 -> 0.064755384 | ... R47: =R45/R217-1 -> 0.12374124
A49: Regional | B49: 813 | C49: 690 | D49: 761 | E49: 812 | F49: 810 | G49: 821 | H49: 839 | I49: 910 | J49: 726 | K49: 845 | L49: 814 | M49: 828 | N49: =SUM(B49:M49) -> 9669 | O49: =SUM(B49:D49) -> 2264 | P49: =SUM(E49:G49) -> 2443 | Q49: =SUM(H49:J49) -> 2475 | R49: =SUM(K49:M49) -> 2487
A50: YoY vs 2024 | B50: =B49/B75-1 -> 0.079681275 | C50: =C49/C75-1 -> -0.13316583 | D50: =D49/D75-1 -> 0.0079470199 | E50: =E49/E75-1 -> 0.020100503 | F50: =F49/F75-1 -> 0.029224905 | G50: =G49/G75-1 -> 0.019875776 | H50: =H49/H75-1 -> -0.026682135 | I50: =I49/I75-1 -> -0.021505376 | ... R50: =R49/R75-1 -> 0.056499575
A51: YoY vs 2019 | B51: =B49/B221-1 -> -0.18373494 | C51: =C49/C221-1 -> -0.32019704 | D51: =D49/D221-1 -> -0.25610948 | E51: =E49/E221-1 -> -0.22519084 | F51: =F49/F221-1 -> -0.23656927 | G51: =G49/G221-1 -> -0.20676329 | H51: =H49/H221-1 -> -0.23865699 | I51: =I49/I221-1 -> -0.027777778 | ... R51: =R49/R221-1 -> 0.15674419
A53: unit: '000
A54: 2024 | B54: Jan | C54: Feb | D54: Mar | E54: Apr | F54: May | G54: Jun | H54: Jul | I54: Aug | J54: Sep | K54: Oct | L54: Nov | M54: Dec | N54: Year | O54: Q1 | P54: Q2 | Q54: Q3 | R54: Q4
A55: Total | B55: 57318 | C55: 62480 | D55: 57430 | E55: 55950 | F55: 58871 | G55: 58665 | H55: 69136 | I55: =I63+I71 -> 72927 | J55: 59919 | K55: 64092 | L55: 56434 | M55: 56977 | N55: =SUM(B55:M55) -> 730199 | O55: =SUM(B55:D55) -> 177228 | P55: =SUM(E55:G55) -> 173486 | Q55: =SUM(H55:J55) -> 201982 | R55: =SUM(K55:M55) -> 177503
A56: YoY vs 2023 | B56: =B55/B81-1 -> 0.44105594 | C56: =C55/C81-1 -> 0.4462963 | D56: =D55/D81-1 -> 0.25656398 | E56: =E55/E81-1 -> 0.11287916 | F56: =F55/F81-1 -> 0.13874811 | G56: =G55/G81-1 -> 0.10446946 | H56: =H55/H81-1 -> 0.10745178 | I56: =I55/I81-1 -> 0.1401257 | ... R56: =R55/R81-1 -> 0.14050824
A57: YoY vs 2019 | B57: =B55/B201-1 -> 0.073109543 | C57: =C55/C201-1 -> 0.16077732 | D57: =D55/D201-1 -> 0.073377691 | E57: =E55/E201-1 -> 0.05331526 | F57: =F55/F201-1 -> 0.080023482 | G57: =G55/G201-1 -> 0.09830756 | H57: =H55/H201-1 -> 0.16584881 | I57: =I55/I201-1 -> 0.19087821 | ... R57: =R55/R201-1 -> 0.090313268
A59: Domestic | B59: =B63-B75 -> 52195 | C59: =C63-C75 -> 56790 | D59: =D63-D75 -> 51819 | E59: =E63-E75 -> 50056.5 | F59: =F63-F75 -> 52984 | G59: =G63-G75 -> 52503 | H59: =63006-862 -> 62144 | I59: =66455-930 -> 65525 | J59: =54295-743 -> 53552 | K59: =58289-799 -> 57490 | L59: =50864-776 -> 50088 | M59: =M63-M75 -> 49916 | N59: =SUM(B59:M59) -> 655062.5 | O59: =SUM(B59:D59) -> 160804 | P59: =SUM(E59:G59) -> 155543.5 | Q59: =SUM(H59:J59) -> 181221 | R59: =SUM(K59:M59) -> 157494
A60: YoY vs 2023 | B60: =B59/B86-1 -> 0.33385296 | C60: =C59/C86-1 -> 0.34474675 | D60: =D59/D86-1 -> 0.17234904 | E60: =E59/E86-1 -> 0.039897374 | F60: =F59/F86-1 -> 0.07765529 | G60: =G59/G86-1 -> 0.050564271 | H60: =H59/H86-1 -> 0.06491192 | I60: =I59/I86-1 -> 0.10005876 | ... R60: =R59/R86-1 -> 0.10037938
A61: YoY vs 2019 | B61: =B59/B205-1 -> 0.12630012 | C61: =C59/C205-1 -> 0.21247705 | D61: =D59/D205-1 -> 0.11594702 | E61: =E59/E205-1 -> 0.088421396 | F61: =F59/F205-1 -> 0.11740515 | G61: =G59/G205-1 -> 0.13402307 | H61: =H59/H205-1 -> 0.20413106 | I61: =I59/I205-1 -> 0.22956972 | ... R61: =R59/R205-1 -> 0.10617586
A63: Domestic+Regional | B63: 52948 | C63: 57586 | D63: 52574 | E63: 50852.5 | F63: 53771 | G63: 53308 | H63: 63006 | I63: 66455 | J63: 54295 | K63: 58289 | L63: =50864 -> 50864 | M63: 50695 | N63: =SUM(B63:M63) -> 664643.5 | O63: =SUM(B63:D63) -> 163108 | P63: =SUM(E63:G63) -> 157931.5 | Q63: =SUM(H63:J63) -> 183756 | R63: =SUM(K63:M63) -> 159848
A64: YoY vs 2023 | B64: =B63/B91-1 -> 0.34618123 | C64: =C63/C91-1 -> 0.35512413 | D64: =D63/D91-1 -> 0.17849858 | E64: =E63/E91-1 -> 0.045207901 | F64: =F63/F91-1 -> 0.081411017 | G64: =G63/G91-1 -> 0.053788523 | H64: =H63/H91-1 -> 0.066542531 | I64: =I63/I91-1 -> 0.10172582 | ... R64: =R63/R91-1 -> 0.1009422
A66: Intl + Regional | B66: =B71+B75 -> 5124 | C66: =C71+C75 -> 5689 | D66: =D71+D75 -> 5611 | E66: =E71+E75 -> 5892 | F66: =F71+F75 -> 5887 | G66: =G71+G75 -> 6162 | H66: =H71+H75 -> 6992 | I66: =I71+I75 -> 7402 | ... M66: =M71+M75 -> 7061 | N66: =SUM(B66:M66) -> 75135 | O66: =SUM(B66:D66) -> 16424 | P66: =SUM(E66:G66) -> 17941 | Q66: =SUM(H66:J66) -> 20761 | R66: =SUM(K66:M66) -> 20009
A67: YoY vs 2023 | B67: =B66/B96-1 -> 6.9688958 | C67: =C66/C96-1 -> 4.8649485 | D67: =D66/D96-1 -> 2.7307181 | E67: =E66/E96-1 -> 1.7545582 | F67: =F66/F96-1 -> 1.3241216 | G67: =G66/G96-1 -> 0.96242038 | H67: =H66/H96-1 -> 0.71709234 | I67: =I66/I96-1 -> 0.68265515 | ... R67: =R66/R96-1 -> 0.59969619
A68: YoY vs 2019 | B68: =B66/B213-1 -> -0.27535002 | C68: =C66/C213-1 -> -0.1858901 | D68: =D66/D213-1 -> -0.20625265 | E68: =E66/E213-1 -> -0.17340067 | F68: =F66/F213-1 -> -0.16990976 | G68: =G66/G213-1 -> -0.13406408 | H68: =H66/H213-1 -> -0.09100364 | I68: =I66/I213-1 -> -0.068579338 | ... R68: =R66/R213-1 -> -0.020223289
A69: MoM
A71: Pure Intl | B71: 4371 | C71: 4893 | D71: 4856 | E71: 5096 | F71: 5100 | G71: 5357 | H71: 6130 | I71: 6472 | J71: 5624 | K71: 5803 | L71: =5570 -> 5570 | M71: 6282 | N71: =SUM(B71:M71) -> 65554 | O71: =SUM(B71:D71) -> 14120 | P71: =SUM(E71:G71) -> 15553 | Q71: =SUM(H71:J71) -> 18226 | R71: =SUM(K71:M71) -> 17655
A72: YoY vs 2023 | B72: =B71/B101-1 -> 8.8891403 | C72: =C71/C101-1 -> 5.9305949 | D72: =D71/D101-1 -> 3.4387569 | E72: =E71/E101-1 -> 2.1418002 | F72: =F71/F101-1 -> 1.5809717 | G72: =G71/G101-1 -> 1.1182285 | H72: =H71/H101-1 -> 0.82821354 | I72: =I71/I101-1 -> 0.77558299 | ... R72: =R71/R101-1 -> 0.69060615
A73: YoY vs 2019 | B73: =B71/B217-1 -> -0.28049383 | C73: =C71/C217-1 -> -0.18081366 | D73: =D71/D217-1 -> -0.19682435 | E73: =E71/E217-1 -> -0.16184211 | F73: =F71/F217-1 -> -0.15436909 | G73: =G71/G217-1 -> -0.11905937 | H73: =H71/H217-1 -> -0.069802731 | I73: =I71/I217-1 -> -0.07687919 | ... R73: =R71/R217-1 -> -0.033767513
A75: Regional | B75: 753 | C75: 796 | D75: 755 | E75: 796 | F75: 787 | G75: 805 | H75: 862 | I75: 930 | J75: 743 | K75: 799 | L75: =776 -> 776 | M75: 779 | N75: =SUM(B75:M75) -> 9581 | O75: =SUM(B75:D75) -> 2304 | P75: =SUM(E75:G75) -> 2388 | Q75: =SUM(H75:J75) -> 2535 | R75: =SUM(K75:M75) -> 2354
A76: YoY vs 2023 | B76: =B75/B106-1 -> 2.7462687 | C76: =C75/C106-1 -> 2.0151515 | D76: =D75/D106-1 -> 0.84146341 | E76: =E75/E106-1 -> 0.53965184 | F76: =F75/F106-1 -> 0.41292639 | G76: =G75/G106-1 -> 0.31751227 | H76: =H75/H106-1 -> 0.19888734 | I76: =I75/I106-1 -> 0.23342175 | ... R76: =R75/R106-1 -> 0.13995157
A77: YoY vs 2019 | B77: =B75/B221-1 -> -0.2439759 | C77: =C75/C221-1 -> -0.21576355 | D77: =D75/D221-1 -> -0.26197458 | E77: =E75/E221-1 -> -0.24045802 | F77: =F75/F221-1 -> -0.25824694 | G77: =G75/G221-1 -> -0.22222222 | H77: =H75/H221-1 -> -0.21778584 | I77: =I75/I221-1 -> -0.0064102564 | ... R77: =R75/R221-1 -> 0.094883721
A79: unit: '000
A80: 2023 | B80: Jan | C80: Feb | D80: Mar | E80: Apr | F80: May | G80: Jun | H80: Jul | I80: Aug | J80: Sep | K80: Oct | L80: Nov | M80: Dec | N80: Year | O80: Q1 | P80: Q2 | Q80: Q3 | R80: Q4
A81: Total | B81: 39775 | C81: 43200 | D81: 45704 | E81: 50275 | F81: 51698 | G81: 53116 | H81: 62428 | I81: 63964 | J81: 53490 | K81: 56052 | L81: 48991 | M81: 50592 | N81: =SUM(O81:R81) -> 619285 | O81: =SUM(B81:D81) -> 128679 | P81: =SUM(E81:G81) -> 155089 | Q81: =SUM(H81:J81) -> 179882 | R81: =SUM(K81:M81) -> 155635
A82: YoY vs 2022 | B82: =B81/B113-1 -> 0.34771118 | C82: =C81/C113-1 -> 0.38045632 | D82: =D81/D113-1 -> 1.9735849 | E82: =E81/E113-1 -> 5.3800761 | F82: =F81/F113-1 -> 3.2821171 | G82: =G81/G113-1 -> 1.4140344 | H82: =H81/H113-1 -> 0.83633369 | I82: =I81/I113-1 -> 0.98012568 | ... R82: =R81/R113-1 -> 2.2967231
A83: YoY vs 2019 | B83: =B81/B201-1 -> -0.2553311 | C83: =C81/C201-1 -> -0.19741389 | D83: =D81/D201-1 -> -0.14578349 | E83: =E81/E201-1 -> -0.053522346 | F83: =F81/F201-1 -> -0.051569466 | G83: =G81/G201-1 -> -0.0055790617 | H83: =H81/H201-1 -> 0.052730983 | I83: =I81/I201-1 -> 0.044514844 | ... R83: =R81/R201-1 -> -0.044011057
A84: MoM | B84: =B81/M113-1 -> 1.1254141 | C84: =C81/B81-1 -> 0.086109365 | D84: =D81/C81-1 -> 0.057962963 | E84: =E81/D81-1 -> 0.10001313 | F84: =F81/E81-1 -> 0.028304326 | G84: =G81/F81-1 -> 0.027428527 | H84: =H81/G81-1 -> 0.17531441 | I84: =I81/H81-1 -> 0.024604344 | J84: =J81/I81-1 -> -0.16374836 | ... M84: =M81/L81-1 -> 0.032679472
A86: Domestic | B86: =B91-B106 -> 39131 | C86: =C91-C106 -> 42231 | D86: =D91-D106 -> 44201 | E86: =E91-E106 -> 48136 | F86: =F91-F106 -> 49166 | G86: =G91-G106 -> 49976 | H86: =H91-H106 -> 58356 | I86: =I91-I106 -> 59565 | ... M86: =M91-M106 -> 45880 | N86: =SUM(O86:R86) -> 583548 | O86: =SUM(B86:D86) -> 125563 | P86: =SUM(E86:G86) -> 147278 | Q86: =SUM(H86:J86) -> 167580 | R86: =SUM(K86:M86) -> 143127
A87: YoY vs 2022 | B87: =B86/B118-1 -> 0.33293593 | C87: =C86/C118-1 -> 0.35603506 | D87: =D86/D118-1 -> 1.8989965 | E87: =E86/E118-1 -> 5.1863514 | F87: =F86/F118-1 -> 3.1084649 | G87: =G86/G118-1 -> 1.2845127 | H87: =H86/H118-1 -> 0.72507982 | I87: =I86/I118-1 -> 0.85589656 | ... R87: =R86/R118-1 -> 2.0933002
A88: YoY vs 2019 | B88: =B86/B205-1 -> -0.15560399 | C88: =C86/C205-1 -> -0.098360306 | D88: =D86/D205-1 -> -0.048110262 | E88: =E86/E205-1 -> 0.046662318 | F88: =F86/F205-1 -> 0.036885505 | G88: =G86/G205-1 -> 0.079441877 | H88: =H86/H205-1 -> 0.13073301 | I88: =I86/I205-1 -> 0.11773095 | ... R88: =R86/R205-1 -> 0.0052677048
A89: MoM | B89: =B86/M118-1 -> 1.1366714 | C89: =C86/B86-1 -> 0.079221078 | D89: =D86/C86-1 -> 0.046648197 | E89: =E86/D86-1 -> 0.089025135 | F89: =F86/E86-1 -> 0.021397706 | G89: =G86/F86-1 -> 0.0164748 | H89: =H86/G86-1 -> 0.16768049 | I89: =I86/H86-1 -> 0.020717664 | J89: =J86/I86-1 -> -0.16630572 | ... M89: =M86/L86-1 -> 0.015830842
A91: Domestic+Regional | B91: 39332 | C91: 42495 | D91: 44611 | E91: 48653 | F91: 49723 | G91: 50587 | H91: 59075 | I91: 60319 | J91: 50246 | K91: 52756 | L91: 45832 | M91: 46604 | N91: =SUM(O91:R91) -> 590233 | O91: =SUM(B91:D91) -> 126438 | P91: =SUM(E91:G91) -> 148963 | Q91: =SUM(H91:J91) -> 169640 | R91: =SUM(K91:M91) -> 145192
A92: YoY vs 2022 | B92: =B91/B123-1 -> 0.33686822 | C92: =C91/C123-1 -> 0.36149558 | D92: =D91/D123-1 -> 1.92148 | E92: =E91/E123-1 -> 5.2479774 | F92: =F91/F123-1 -> 3.1529274 | G92: =G91/G123-1 -> 1.3113863 | H92: =H91/H123-1 -> 0.74525097 | I92: =I91/I123-1 -> 0.87763424 | ... R92: =R91/R123-1 -> 2.1244916
A93: YoY vs 2019 | B93: =B91/B209-1 -> -0.16912417 | C93: =C91/C209-1 -> -0.1119679 | D93: =D91/D209-1 -> -0.059989886 | E93: =E91/E209-1 -> 0.034333943 | F93: =F91/F209-1 -> 0.025681753 | G93: =G91/G209-1 -> 0.068746963 | H93: =H91/H209-1 -> 0.12073381 | I93: =I91/I209-1 -> 0.11234256 | ... R93: =R91/R209-1 -> 0.0046012164
A94: MoM | B94: =B91/M123-1 -> 1.1369119 | C94: =C91/B91-1 -> 0.08041798 | D94: =D91/C91-1 -> 0.049794093 | E94: =E91/D91-1 -> 0.090605456 | F94: =F91/E91-1 -> 0.021992477 | G94: =G91/F91-1 -> 0.017376265 | H94: =H91/G91-1 -> 0.16779014 | I94: =I91/H91-1 -> 0.021057977 | J94: =J91/I91-1 -> -0.16699547 | ... M94: =M91/L91-1 -> 0.016844126
A96: Intl + Regional | B96: =B101+B106 -> 643 | C96: =C101+C106 -> 970 | D96: =D101+D106 -> 1504 | E96: =E101+E106 -> 2139 | F96: =F101+F106 -> 2533 | G96: =G101+G106 -> 3140 | H96: =H101+H106 -> 4072 | I96: =I101+I106 -> 4399 | ... M96: =M101+M106 -> 4712 | N96: =SUM(O96:R96) -> 35738 | O96: =SUM(B96:D96) -> 3117 | P96: =SUM(E96:G96) -> 7812 | Q96: =SUM(H96:J96) -> 12301 | R96: =SUM(K96:M96) -> 12508
A97: YoY vs 2022 | B97: =B96/B128-1 -> 3.1217949 | C97: =C96/C128-1 -> 5.4238411 | D97: =D96/D128-1 -> 11.227642 | E97: =E96/E128-1 -> 20.606061 | F97: =F96/F128-1 -> 22.896226 | G97: =G96/G128-1 -> 23.724409 | H97: =H96/H128-1 -> 23.383234 | I97: =I96/I128-1 -> 20.149038 | ... R97: =R96/R128-1 -> 12.306383
A98: YoY vs 2019 | B98: =B96/B213-1 -> -0.9090652 | C98: =C96/C213-1 -> -0.86119061 | D98: =D96/D213-1 -> -0.78724006 | E98: =E96/E213-1 -> -0.69991582 | F98: =F96/F213-1 -> -0.642837 | G98: =G96/G213-1 -> -0.55874087 | H98: =H96/H213-1 -> -0.47061882 | I98: =I96/I213-1 -> -0.44645778 | ... R98: =R96/R213-1 -> -0.38752326
A99: MoM | B99: =B96/M128-1 -> 0.6075 | C99: =C96/B96-1 -> 0.50855365 | D99: =D96/C96-1 -> 0.55051546 | E99: =E96/D96-1 -> 0.42220745 | F99: =F96/E96-1 -> 0.18419822 | G99: =G96/F96-1 -> 0.23963679 | H99: =H96/G96-1 -> 0.29681529 | I99: =I96/H96-1 -> 0.080304519 | J99: =J96/I96-1 -> -0.12934758 | ... M99: =M96/L96-1 -> 0.23157344
A101: Pure Intl | B101: 442 | C101: 706 | D101: 1094 | E101: 1622 | F101: 1976 | G101: 2529 | H101: 3353 | I101: 3645 | J101: 3243 | K101: 3296 | L101: 3159 | M101: 3988 | N101: =SUM(O101:R101) -> 29053 | O101: =SUM(B101:D101) -> 2242 | P101: =SUM(E101:G101) -> 6127 | Q101: =SUM(H101:J101) -> 10241 | R101: =SUM(K101:M101) -> 10443
A102: YoY vs 2022 | B102: =B101/B133-1 -> 3.8043478 | C102: =C101/C133-1 -> 7.6097561 | D102: =D101/D133-1 -> 9.94 | E102: =E101/E133-1 -> 16.44086 | F102: =F101/F133-1 -> 18.76 | G102: =G101/G133-1 -> 20.615385 | H102: =H101/H133-1 -> 21.965753 | I102: =I101/I133-1 -> 19.477528 | ... R102: =R101/R133-1 -> 13.093117
A103: YoY vs 2019 | B103: =B101/B217-1 -> -0.9272428 | C103: =C101/C217-1 -> -0.88180144 | D103: =D101/D217-1 -> -0.81905392 | E103: =E101/E217-1 -> -0.73322368 | F103: =F101/F217-1 -> -0.67235948 | G103: =G101/G217-1 -> -0.58411445 | H103: =H101/H217-1 -> -0.49119879 | I103: =I101/I217-1 -> -0.4801027 | ... R103: =R101/R217-1 -> -0.42846979
A104: MoM | B104: =B101/M133-1 -> 0.43506494 | C104: =C101/B101-1 -> 0.59728507 | D104: =D101/C101-1 -> 0.54957507 | E104: =E101/D101-1 -> 0.48263254 | F104: =F101/E101-1 -> 0.21824908 | G104: =G101/F101-1 -> 0.2798583 | H104: =H101/G101-1 -> 0.32582048 | I104: =I101/H101-1 -> 0.087086191 | J104: =J101/I101-1 -> -0.11028807 | ... M104: =M101/L101-1 -> 0.26242482
A106: Regional | B106: 201 | C106: 264 | D106: 410 | E106: 517 | F106: 557 | G106: 611 | H106: 719 | I106: 754 | J106: 587 | K106: 674 | L106: 667 | M106: 724 | N106: =SUM(O106:R106) -> 6685 | O106: =SUM(B106:D106) -> 875 | P106: =SUM(E106:G106) -> 1685 | Q106: =SUM(H106:J106) -> 2060 | R106: =SUM(K106:M106) -> 2065
A107: YoY vs 2022 | B107: =B106/B138-1 -> 2.140625 | C107: =C106/C138-1 -> 2.826087 | D107: =D106/D138-1 -> 16.826087 | E107: =E106/E138-1 -> 85.166667 | F107: =F106/F138-1 -> 91.833333 | G107: =G106/G138-1 -> 60.1 | H107: =H106/H138-1 -> 33.238095 | I107: =I106/I138-1 -> 24.133333 | ... R107: =R106/R138-1 -> 9.3768844
A108: YoY vs 2019 | B108: =B106/B221-1 -> -0.79819277 | C108: =C106/C221-1 -> -0.73990148 | D108: =D106/D221-1 -> -0.59921799 | E108: =E106/E221-1 -> -0.50667939 | F108: =F106/F221-1 -> -0.47502356 | G108: =G106/G221-1 -> -0.40966184 | H108: =H106/H221-1 -> -0.34754991 | I108: =I106/I221-1 -> -0.19444444 | ... R108: =R106/R221-1 -> -0.039534884
A109: MoM | B109: =B106/M138-1 -> 1.1847826 | C109: =C106/B106-1 -> 0.31343284 | D109: =D106/C106-1 -> 0.5530303 | E109: =E106/D106-1 -> 0.26097561 | F109: =F106/E106-1 -> 0.077369439 | G109: =G106/F106-1 -> 0.096947935 | H109: =H106/G106-1 -> 0.17675941 | I109: =I106/H106-1 -> 0.04867872 | J109: =J106/I106-1 -> -0.22148541 | ... M109: =M106/L106-1 -> 0.085457271
A112: 2022 | B112: Jan | C112: Feb | D112: Mar | E112: Apr | F112: May | G112: Jun | H112: Jul | I112: Aug | J112: Sep | K112: Oct | L112: Nov | M112: Dec | N112: Year | O112: Q1 | P112: Q2 | Q112: Q3 | R112: Q4
A113: Total | B113: 29513 | C113: 31294 | D113: 15370 | E113: 7880 | F113: 12073 | G113: 22003 | H113: 33996 | I113: 32303 | J113: 20099 | K113: 15924 | L113: 12571 | M113: 18714 | N113: 251710 | O113: =SUM(B113:D113) -> 76177 | P113: =SUM(E113:G113) -> 41956 | Q113: =SUM(H113:J113) -> 86398 | R113: =SUM(K113:M113) -> 47209
A114: YoY vs 2021 | B114: =B113/B144-1 -> -0.02213313 | C114: =C113/C144-1 -> 0.30669339 | D114: =D113/D144-1 -> -0.67859981 | E114: =E113/E144-1 -> -0.84577445 | F114: =F113/F144-1 -> -0.76346467 | G114: =G113/G144-1 -> -0.46694285 | H114: =H113/H144-1 -> -0.30785675 | I114: =I113/I144-1 -> 0.4416477 | ... R114: =R113/R144-1 -> -0.46033905
A115: YoY vs 2019 | B115: =B113/B201-1 -> -0.44745661 | C115: =C113/C201-1 -> -0.41860811 | D115: =D113/D201-1 -> -0.71273176 | E115: =E113/E201-1 -> -0.85165104 | F115: =F113/F201-1 -> -0.77851364 | G115: =G113/G201-1 -> -0.5880668 | H115: =H113/H201-1 -> -0.4267213 | I115: =I113/I201-1 -> -0.47250073 | ... R115: =R113/R201-1 -> -0.71001843
A116: MoM | B116: =B113/M144-1 -> 0.089241557 | C116: =C113/B113-1 -> 0.060346288 | D116: =D113/C113-1 -> -0.50885154 | E116: =E113/D113-1 -> -0.48731295 | F116: =F113/E113-1 -> 0.5321066 | G116: =G113/F113-1 -> 0.82249648 | H116: =H113/G113-1 -> 0.54506204 | I116: =I113/H113-1 -> -0.049799976 | J116: =J113/I113-1 -> -0.37779773 | ... M116: =M113/L113-1 -> 0.48866439
A118: Domestic | B118: =B123-B138 -> 29357 | C118: =C123-C138 -> 31143 | D118: =D123-D138 -> 15247 | E118: =E123-E138 -> 7781 | F118: =F123-F138 -> 11967 | G118: =G123-G138 -> 21876 | H118: =H123-H138 -> 33828 | I118: =I123-I138 -> 32095 | ... M118: =M123-M138 -> 18314 | N118: =SUM(B118:M118) -> 249409 | O118: =SUM(B118:D118) -> 75747 | P118: =SUM(E118:G118) -> 41624 | Q118: =SUM(H118:J118) -> 85768 | R118: =SUM(K118:M118) -> 46270
A119: YoY vs 2021 | B119: =B118/B149-1 -> -0.02153118 | C119: =C118/C149-1 -> 0.30682724 | D119: =D118/D149-1 -> -0.67994038 | E119: =E118/E149-1 -> -0.84715565 | F119: =F118/F149-1 -> -0.76456354 | G119: =G118/G149-1 -> -0.46742623 | H119: =H118/H149-1 -> -0.30827744 | I119: =I118/I149-1 -> 0.44344502 | ... R119: =R118/R149-1 -> -0.46838701
A120: YoY vs 2019 | B120: =B118/B205-1 -> -0.36651418 | C120: =C118/C205-1 -> -0.33509117 | D120: =D118/D205-1 -> -0.67164854 | E120: =E118/E205-1 -> -0.83081105 | F120: =F118/F205-1 -> -0.74762216 | G120: =G118/G205-1 -> -0.52749579 | H120: =H118/H205-1 -> -0.34453293 | I120: =I118/I205-1 -> -0.39774071 | ... R120: =R118/R205-1 -> -0.67501773
A121: MoM | B121: =B118/M149-1 -> 0.090163021 | C121: =C118/B118-1 -> 0.060837279 | D121: =D118/C118-1 -> -0.51041968 | E121: =E118/D118-1 -> -0.4896701 | F121: =F118/E118-1 -> 0.53797712 | G121: =G118/F118-1 -> 0.82802707 | H121: =H118/G118-1 -> 0.54635217 | I121: =I118/H118-1 -> -0.051229751 | J121: =J118/I118-1 -> -0.38167939 | ... M121: =M118/L118-1 -> 0.49124664
A123: Domestic+Regional | B123: 29421 | C123: 31212 | D123: 15270 | E123: 7787 | F123: 11973 | G123: 21886 | H123: 33849 | I123: 32125 | J123: 19887 | K123: 15723 | L123: 12340 | M123: 18406 | N123: =SUM(B123:M123) -> 249879 | O123: =SUM(B123:D123) -> 75903 | P123: =SUM(E123:G123) -> 41646 | Q123: =SUM(H123:J123) -> 85861 | R123: =SUM(K123:M123) -> 46469
A124: YoY vs 2021 | B124: =B123/B154-1 -> -0.020573255 | C124: =C123/C154-1 -> 0.30824042 | D124: =D123/D154-1 -> -0.6797668 | E124: =E123/E154-1 -> -0.84719088 | F124: =F123/F154-1 -> -0.76482027 | G124: =G123/G154-1 -> -0.46820556 | H124: =H123/H154-1 -> -0.30899255 | I124: =I123/I154-1 -> 0.44265313 | ... R124: =R123/R154-1 -> -0.46680512
A125: YoY vs 2019 | B125: =B123/B209-1 -> -0.37849085 | C125: =C123/C209-1 -> -0.34775249 | D125: =D123/D209-1 -> -0.67824181 | E125: =E123/E209-1 -> -0.834453 | F125: =F123/F209-1 -> -0.75302199 | G125: =G123/G209-1 -> -0.53761646 | H125: =H123/H209-1 -> -0.35783802 | I125: =I123/I209-1 -> -0.40758294 | ... R125: =R123/R209-1 -> -0.6784753
A126: MoM | B126: =B123/M154-1 -> 0.090474426 | C126: =C123/B123-1 -> 0.060874885 | D126: =D123/C123-1 -> -0.51076509 | E126: =E123/D123-1 -> -0.49004584 | F126: =F123/E123-1 -> 0.5375626 | G126: =G123/F123-1 -> 0.82794621 | H126: =H123/G123-1 -> 0.54660514 | I126: =I123/H123-1 -> -0.050932081 | J126: =J123/I123-1 -> -0.38094942 | ... M126: =M123/L123-1 -> 0.49157212
A128: Intl + Regional | B128: =B133+B138 -> 156 | C128: =C133+C138 -> 151 | D128: =D133+D138 -> 123 | E128: =E133+E138 -> 99 | F128: =F133+F138 -> 106 | G128: =G133+G138 -> 127 | H128: =H133+H138 -> 167 | I128: =I133+I138 -> 208 | ... M128: =M133+M138 -> 400 | N128: =SUM(B128:M128) -> 2331 | O128: =SUM(B128:D128) -> 430 | P128: =SUM(E128:G128) -> 332 | Q128: =SUM(H128:J128) -> 629 | R128: =SUM(K128:M128) -> 940
...

Sheet Top 4 Total
A1: 2026 | B1: Jan | C1: Feb | D1: Mar | E1: Apr | F1: May | G1: Jun | H1: Jul | I1: Aug | J1: Sep | K1: Oct | L1: Nov | M1: Dec | O1: Q1 | P1: Q2 | Q1: Q3 | R1: Q4 | S1: YTD
A2: CSA | B2: 13988.62 | C2: 15252.1 | D2: 14597.53 | E2: 13463.76 | F2: 12985.23 | G2: 12879.49 | H2: 16731.9 | O2: =SUM(B2:M2) -> 99898.63 | P2: =SUM(E2:G2) -> 39328.48 | Q2: =SUM(H2:J2) -> 16731.9 | R2: =SUM(K2:M2) -> 0 | S2: =SUM(B2:M2) -> 99898.63
A3: CEA | B3: 12200.57 | C3: 13026.9 | D3: 13006.57 | E3: 11907.27 | F3: 11542.13 | G3: 11079.44 | H3: 14267.34 | O3: =SUM(B3:G3) -> 72762.88 | P3: =SUM(E3:G3) -> 34528.84 | Q3: =SUM(H3:J3) -> 14267.34 | R3: =SUM(K3:M3) -> 0 | S3: =SUM(B3:M3) -> 87030.22
A4: AC - Consolidated | B4: 13275.6 | C4: 14500.2 | D4: 14309.3 | E4: 13148.5 | F4: 12524.1 | G4: 11936.6 | H4: 15690.8 | O4: =SUM(B4:G4) -> 79694.3 | P4: =SUM(E4:G4) -> 37609.2 | Q4: =SUM(H4:J4) -> 15690.8 | R4: =SUM(K4:M4) -> 0 | S4: =SUM(B4:M4) -> 95385.1
A5: Top 3 Total | B5: =SUM(B2:B4) -> 39464.79 | C5: =SUM(C2:C4) -> 42779.2 | D5: =SUM(D2:D4) -> 41913.4 | E5: =SUM(E2:E4) -> 38519.53 | F5: =SUM(F2:F4) -> 37051.46 | G5: =SUM(G2:G4) -> 35895.53 | H5: =SUM(H2:H4) -> 46690.04 | I5: =SUM(I2:I4) -> 0 | ... M5: =SUM(M2:M4) -> 0 | O5: =SUM(B5:D5) -> 124157.39 | P5: =SUM(E5:G5) -> 111466.52 | Q5: =SUM(H5:J5) -> 46690.04 | R5: =SUM(K5:M5) -> 0 | S5: =SUM(B5:M5) -> 282313.95
A7: yoy vs 2025
A8: CSA | B8: =B2/B14-1 -> -0.059580985 | C8: =C2/C14-1 -> 0.10185122 | D8: =D2/D14-1 -> 0.10097249 | E8: =E2/E14-1 -> -0.0058377797 | F8: =F2/F14-1 -> -0.08262191 | G8: =G2/G14-1 -> -0.055298059 | H8: =H2/H14-1 -> 0.038351982 | I8: =I2/I14-1 -> -1 | ... M8: =M2/M14-1 -> -1 | O8: =O2/O14-1 -> -0.42490808 | P8: =P2/P14-1 -> -0.048449188 | Q8: =Q2/Q14-1 -> -0.64538047 | R8: =R2/R14-1 -> -1 | S8: =S2/S14-1 -> -0.42490808
A9: CEA | B9: =B3/B15-1 -> -0.038164178 | C9: =C3/C15-1 -> 0.081083997 | D9: =D3/D15-1 -> 0.11020187 | E9: =E3/E15-1 -> -0.0094345744 | F9: =F3/F15-1 -> -0.086680498 | G9: =G3/G15-1 -> -0.08141115 | H9: =H3/H15-1 -> 0.039532174 | I9: =I3/I15-1 -> -1 | ... M9: =M3/M15-1 -> -1 | O9: =O3/O15-1 -> 0.50117246 | P9: =P3/P15-1 -> -0.059662126 | Q9: =Q3/Q15-1 -> -0.64466128 | R9: =R3/R15-1 -> -1 | S9: =S3/S15-1 -> -0.41962845
A10: AC - Consolidated | B10: =B4/B16-1 -> 0.01196774 | C10: =C4/C16-1 -> 0.15380392 | D10: =D4/D16-1 -> 0.1512555 | E10: =E4/E16-1 -> 0.025520033 | F10: =F4/F16-1 -> -0.065302893 | G10: =G4/G16-1 -> -0.065906032 | H10: =H4/H16-1 -> 0.085365263 | I10: =I4/I16-1 -> -1 | ... M10: =M4/M16-1 -> -1 | O10: =O4/O16-1 -> 0.56458139 | P10: =P4/P16-1 -> -0.035641757 | Q10: =Q4/Q16-1 -> -0.63300581 | R10: =R4/R16-1 -> -1 | S10: =S4/S16-1 -> -0.40600823
A11: Top 3 Total | B11: =B5/B17-1 -> -0.029828298 | C11: =C5/C17-1 -> 0.11232105 | D11: =D5/D17-1 -> 0.12057248 | E11: =E5/E17-1 -> 0.0035099831 | F11: =F5/F17-1 -> -0.078124215 | G11: =G5/G17-1 -> -0.067007836 | H11: =H5/H17-1 -> 0.054061406 | I11: =I5/I17-1 -> -1 | ... M11: =M5/M17-1 -> -1 | O11: =O5/O17-1 -> 0.065352733 | P11: =P5/P17-1 -> -0.047699551 | Q11: =Q5/Q17-1 -> -0.64109145 | R11: =R5/R17-1 -> -1 | S11: =S5/S17-1 -> -0.4170057
A13: 2025 | B13: Jan | C13: Feb | D13: Mar | E13: Apr | F13: May | G13: Jun | H13: Jul | I13: Aug | J13: Sep | K13: Oct | L13: Nov | M13: Dec | O13: Q1 | P13: Q2 | Q13: Q3 | R13: Q4 | S13: YTD
A14: CSA | B14: 14874.88 | C14: 13842.25 | D14: 13258.76 | E14: 13542.82 | F14: 14154.72 | G14: 13633.39 | H14: 16113.9 | I14: 16880.48 | J14: 14188.3 | K14: 15589.58 | L14: 13771.18 | M14: 13858.72 | O14: =SUM(B14:M14) -> 173708.98 | P14: =SUM(E14:G14) -> 41330.93 | Q14: =SUM(H14:J14) -> 47182.68 | R14: =SUM(K14:M14) -> 43219.48 | S14: =SUM(B14:M14) -> 173708.98
A15: CEA | B15: 12684.67 | C15: 12049.85 | D15: 11715.5 | E15: 12020.68 | F15: 12637.56 | G15: 12061.37 | H15: 13724.77 | I15: 14433.86 | J15: 11992.75 | K15: 12992.64 | L15: 11870.52 | M15: 11771.87 | O15: =SUM(B15:E15) -> 48470.7 | P15: =SUM(E15:G15) -> 36719.61 | Q15: =SUM(H15:J15) -> 40151.38 | R15: =SUM(K15:M15) -> 36635.03 | S15: =SUM(B15:M15) -> 149956.04
A16: AC - Consolidated | B16: 13118.6 | C16: 12567.3 | D16: 12429.3 | E16: 12821.3 | F16: 13399.1 | G16: 12778.8 | H16: 14456.7 | I16: 15216 | J16: 13082.2 | K16: 14631.5 | L16: 13071.7 | M16: 13010.7 | O16: =SUM(B16:E16) -> 50936.5 | P16: =SUM(E16:G16) -> 38999.2 | Q16: =SUM(H16:J16) -> 42754.9 | R16: =SUM(K16:M16) -> 40713.9 | S16: =SUM(B16:M16) -> 160583.2
A17: Top 3 Total | B17: =SUM(B14:B16) -> 40678.15 | C17: =SUM(C14:C16) -> 38459.4 | D17: =SUM(D14:D16) -> 37403.56 | E17: =SUM(E14:E16) -> 38384.8 | F17: =SUM(F14:F16) -> 40191.38 | G17: =SUM(G14:G16) -> 38473.56 | H17: =SUM(H14:H16) -> 44295.37 | I17: =SUM(I14:I16) -> 46530.34 | ... M17: =SUM(M14:M16) -> 38641.29 | O17: =SUM(B17:D17) -> 116541.11 | P17: =SUM(E17:G17) -> 117049.74 | Q17: =SUM(H17:J17) -> 130088.96 | R17: =SUM(K17:M17) -> 120568.41 | S17: =SUM(B17:M17) -> 484248.22
A19: yoy vs 2024
A20: CSA | B20: =B14/B26-1 -> 0.12510514 | C20: =C14/C26-1 -> -0.028239652 | D20: =D14/D26-1 -> 0.018720549 | E20: =E14/E26-1 -> 0.090936479 | F20: =F14/F26-1 -> 0.054467627 | G20: =G14/G26-1 -> 0.039294309 | H20: =H14/H26-1 -> 0.062711864 | I20: =I14/I26-1 -> 0.048737575 | ... M20: =M14/M26-1 -> 0.076130449 | O20: =O14/O26-1 -> 3.2911767 | P20: =P14/P26-1 -> 0.060979673 | Q20: =Q14/Q26-1 -> 0.049390152 | R20: =R14/R26-1 -> 0.071391157 | S20: =S14/S26-1 -> 0.054459054
A21: CEA | B21: =B15/B27-1 -> 0.1243371 | C21: =C15/C27-1 -> 0.0089796117 | D21: =D15/D27-1 -> 0.065749818 | E21: =E15/E27-1 -> 0.11831722 | F21: =F15/F27-1 -> 0.10793007 | G21: =G15/G27-1 -> 0.061311495 | H21: =H15/H27-1 -> 0.059745966 | I21: =I15/I27-1 -> 0.042532322 | ... M21: =M15/M27-1 -> 0.056770154 | O21: =O15/O27-1 -> 0.41655744 | P21: =P15/P27-1 -> 0.095455393 | Q21: =Q15/Q27-1 -> 0.050395814 | R21: =R15/R27-1 -> 0.058157147 | S21: =S15/S27-1 -> 0.066667027
A22: AC - Consolidated | B22: =B16/B28-1 -> 0.08460311 | C22: =C16/C28-1 -> -0.051817928 | D22: =D16/D28-1 -> 0.0049157133 | E22: =E16/E28-1 -> 0.067587597 | F22: =F16/F28-1 -> 0.055837043 | G22: =G16/G28-1 -> 0.018929306 | H22: =H16/H28-1 -> -0.0036046592 | I22: =I16/I28-1 -> -0.0023603462 | ... M22: =M16/M28-1 -> 0.087196671 | O22: =O16/O28-1 -> 0.3504596 | P22: =P16/P28-1 -> 0.047197347 | Q22: =Q16/Q28-1 -> 0.0089175732 | R22: =R16/R28-1 -> 0.072112473 | S22: =S16/S28-1 -> 0.033940757
A23: Top 3 Total | B23: =B17/B29-1 -> 0.11148287 | C23: =C17/C29-1 -> -0.024893246 | D23: =D17/D29-1 -> 0.028238685 | E23: =E17/E29-1 -> 0.091331736 | F23: =F17/F29-1 -> 0.071183696 | G23: =G17/G29-1 -> 0.039154147 | H23: =H17/H29-1 -> 0.039236328 | I23: =I17/I29-1 -> 0.029591751 | ... M23: =M17/M29-1 -> 0.073817485 | O23: =O17/O29-1 -> 0.036698271 | P23: =P17/P29-1 -> 0.066834286 | Q23: =Q17/Q29-1 -> 0.036037081 | R23: =R17/R29-1 -> 0.067576718 | S23: =S17/S29-1 -> 0.051266727
A25: 2024 | B25: Jan | C25: Feb | D25: Mar | E25: Apr | F25: May | G25: Jun | H25: Jul | I25: Aug | J25: Sep | K25: Oct | L25: Nov | M25: Dec | O25: Q1 | P25: Q2 | Q25: Q3 | R25: Q4 | S25: YTD
A26: CSA | B26: 13220.88 | C26: 14244.51 | D26: 13015.11 | E26: 12413.94 | F26: 13423.57 | G26: 13117.93 | H26: 15163 | I26: 16096 | J26: 13703 | K26: 14659.13 | L26: 12802.17 | M26: 12878.29 | O26: =SUM(B26:D26) -> 40480.5 | P26: =SUM(E26:G26) -> 38955.44 | Q26: =SUM(H26:J26) -> 44962 | R26: =SUM(K26:M26) -> 40339.59 | S26: =SUM(B26:M26) -> 164737.53
A27: CEA | B27: 11281.91 | C27: 11942.61 | D27: 10992.73 | E27: 10748.9 | F27: 11406.46 | G27: 11364.59 | H27: 12951 | I27: 13845 | J27: 11429 | K27: 12267 | L27: 11215.06 | M27: 11139.48 | O27: =SUM(B27:D27) -> 34217.25 | P27: =SUM(E27:G27) -> 33519.95 | Q27: =SUM(H27:J27) -> 38225 | R27: =SUM(K27:M27) -> 34621.54 | S27: =SUM(B27:M27) -> 140583.74
A28: AC - Consolidated | B28: 12095.3 | C28: 13254.1 | D28: 12368.5 | E28: 12009.6 | F28: 12690.5 | G28: 12541.4 | H28: 14509 | I28: 15252 | J28: 12616 | K28: 13835.6 | L28: 12172.6 | M28: 11967.2 | O28: =SUM(B28:D28) -> 37717.9 | P28: =SUM(E28:G28) -> 37241.5 | Q28: =SUM(H28:J28) -> 42377 | R28: =SUM(K28:M28) -> 37975.4 | S28: =SUM(B28:M28) -> 155311.8
A29: Top 3 Total | B29: =SUM(B26:B28) -> 36598.09 | C29: =SUM(C26:C28) -> 39441.22 | D29: =SUM(D26:D28) -> 36376.34 | E29: =SUM(E26:E28) -> 35172.44 | F29: =SUM(F26:F28) -> 37520.53 | G29: =SUM(G26:G28) -> 37023.92 | H29: =SUM(H26:H28) -> 42623 | I29: =SUM(I26:I28) -> 45193 | ... M29: =SUM(M26:M28) -> 35984.97 | O29: =SUM(B29:D29) -> 112415.65 | P29: =SUM(E29:G29) -> 109716.89 | Q29: =SUM(H29:J29) -> 125564 | R29: =SUM(K29:M29) -> 112936.53 | S29: =SUM(B29:M29) -> 460633.07
A31: yoy vs 2023
A32: CSA | B32: =B26/B38-1 -> 0.40141956 | C32: =C26/C38-1 -> 0.41037126 | D32: =D26/D38-1 -> 0.24506236 | E32: =E26/E38-1 -> 0.096664935 | F32: =F26/F38-1 -> 0.14034781 | G32: =G26/G38-1 -> 0.10074958 | H32: =H26/H38-1 -> 0.087265166 | I32: =I26/I38-1 -> 0.13543297 | ... M32: =M26/M38-1 -> 0.065322539 | O32: =O26/O38-1 -> 0.34992912 | P32: =P26/P38-1 -> 0.11274361 | Q32: =Q26/Q38-1 -> 0.11802941 | R32: =R26/R38-1 -> 0.091104648 | S32: =S26/S38-1 -> 0.15863583
A33: CEA | B33: =B27/B39-1 -> 0.63462115 | C33: =C27/C39-1 -> 0.5296977 | D33: =D27/D39-1 -> 0.33621458 | E33: =E27/E39-1 -> 0.15536958 | F33: =F27/F39-1 -> 0.17891963 | G33: =G27/G39-1 -> 0.13292089 | H33: =H27/H39-1 -> 0.12565807 | I33: =I27/I39-1 -> 0.18421897 | ... M33: =M27/M39-1 -> 0.10712149 | O33: =O27/O39-1 -> 0.49187144 | P33: =P27/P39-1 -> 0.15546151 | Q33: =Q27/Q39-1 -> 0.15658829 | R33: =R27/R39-1 -> 0.12941908 | S33: =S27/S39-1 -> 0.2155978
A34: AC - Consolidated | B34: =B28/B40-1 -> 0.477 | C34: =C28/C40-1 -> 0.499 | D34: =D28/D40-1 -> 0.32008111 | E34: =E28/E40-1 -> 0.1419226 | F34: =F28/F40-1 -> 0.19685567 | G34: =G28/G40-1 -> 0.13502996 | H34: =H28/H40-1 -> 0.13379907 | I34: =I28/I40-1 -> 0.14909102 | ... M34: =M28/M40-1 -> 0.11008868 | O34: =O28/O40-1 -> 0.42867798 | P34: =P28/P40-1 -> 0.15766127 | Q34: =Q28/Q40-1 -> 0.14371076 | R34: =R28/R40-1 -> 0.15574993 | S34: =S28/S40-1 -> 0.20883877
A35: Top 3 Total | B35: =B29/B41-1 -> 0.4922848 | C35: =C29/C41-1 -> 0.47449538 | D35: =D29/D41-1 -> 0.2968554 | E35: =E29/E41-1 -> 0.12948846 | F35: =F29/F41-1 -> 0.17068663 | G35: =G29/G41-1 -> 0.12200837 | H35: =H29/H41-1 -> 0.11438303 | I35: =I29/I41-1 -> 0.15463699 | ... M35: =M29/M41-1 -> 0.09274874 | O35: =O29/O41-1 -> 0.41717999 | P35: =P29/P41-1 -> 0.14064967 | Q35: =Q29/Q41-1 -> 0.13820677 | R35: =R29/R41-1 -> 0.12393199 | S35: =S29/S41-1 -> 0.19238501
A37: 2023 | B37: Jan | C37: Feb | D37: Mar | E37: Apr | F37: May | G37: Jun | H37: Jul | I37: Aug | J37: Sep | K37: Oct | L37: Nov | M37: Dec | O37: Q1 | P37: Q2 | Q37: Q3 | R37: Q4 | S37: YTD
A38: CSA | B38: 9433.92 | C38: 10099.83 | D38: 10453.38 | E38: 11319.72 | F38: 11771.47 | G38: 11917.27 | H38: 13946 | I38: 14176.09 | J38: 12093.31 | K38: 13205.15 | L38: 11677.55 | M38: 12088.63 | O38: =SUM(B38:D38) -> 29987.13 | P38: =SUM(E38:G38) -> 35008.46 | Q38: =SUM(H38:J38) -> 40215.4 | R38: =SUM(K38:M38) -> 36971.33 | S38: =SUM(B38:M38) -> 142182.32
A39: CEA | B39: 6901.85 | C39: 7807.17 | D39: 8226.77 | E39: 9303.43 | F39: 9675.35 | G39: 10031.23 | H39: 11505.27 | I39: 11691.25 | J39: 9853.27 | K39: 10675.22 | L39: 9917.41 | M39: 10061.66 | O39: =SUM(B39:D39) -> 22935.79 | P39: =SUM(E39:G39) -> 29010.01 | Q39: =SUM(H39:J39) -> 33049.79 | R39: =SUM(K39:M39) -> 30654.29 | S39: =SUM(B39:M39) -> 115649.88
A40: AC - Consolidated | B40: =B28/(1+47.7%) -> 8189.0995 | C40: =C28/(1+49.9%) -> 8841.9613 | D40: 9369.5 | E40: 10517 | F40: 10603.2 | G40: 11049.4 | H40: 12796.8 | I40: 13273.1 | J40: 10982.3 | K40: 11716 | L40: 10361.4 | M40: 10780.4 | O40: =SUM(B40:D40) -> 26400.561 | P40: =SUM(E40:G40) -> 32169.6 | Q40: =SUM(H40:J40) -> 37052.2 | R40: =SUM(K40:M40) -> 32857.8 | S40: =SUM(B40:M40) -> 128480.16
A41: Top 3 Total | B41: =SUM(B38:B40) -> 24524.87 | C41: =SUM(C38:C40) -> 26748.961 | D41: =SUM(D38:D40) -> 28049.65 | E41: =SUM(E38:E40) -> 31140.15 | F41: =SUM(F38:F40) -> 32050.02 | G41: =SUM(G38:G40) -> 32997.9 | H41: =SUM(H38:H40) -> 38248.07 | I41: =SUM(I38:I40) -> 39140.44 | ... M41: =SUM(M38:M40) -> 32930.69 | O41: =SUM(O38:O40) -> 79323.481 | P41: =SUM(P38:P40) -> 96188.07 | Q41: =SUM(Q38:Q40) -> 110317.39 | R41: =SUM(R38:R40) -> 100483.42 | S41: =SUM(O41:R41) -> 386312.36
A43: yoy vs 2022
A44: CSA | B44: =B38/B56-1 -> 0.41238188 | C44: =C38/C56-1 -> 0.37439019 | D44: =D38/D56-1 -> 1.5647746 | E44: =E38/E56-1 -> 4.0423712 | F44: =F38/F56-1 -> 2.4417088 | G44: =G38/G56-1 -> 1.0005288 | H44: =H38/H56-1 -> 0.64793742 | I44: =I38/I56-1 -> 0.81736589 | ... M44: =M38/M56-1 -> 1.8270818 | O44: =O38/O56-1 -> 0.65640159 | P44: =P38/P56-1 -> 2.0122008 | Q44: =Q38/Q56-1 -> 0.858764 | R44: =R38/R56-1 -> 2.2807908 | S44: =S38/S56-1 -> 1.2701737
A45: CEA | B45: =B39/B57-1 -> 0.373888 | C45: =C39/C57-1 -> 0.39327168 | D45: =D39/D57-1 -> 2.280486 | E45: =E39/E57-1 -> 9.7168792 | F45: =F39/F57-1 -> 5.3974755 | G45: =G39/G57-1 -> 2.1741586 | H45: =H39/H57-1 -> 1.2654636 | I45: =I39/I57-1 -> 1.0092788 | ... M45: =M39/M57-1 -> 2.176009 | O45: =O39/O57-1 -> 0.74617697 | P45: =P39/P57-1 -> 4.2357456 | Q45: =Q39/Q57-1 -> 1.1850032 | R45: =R39/R57-1 -> 2.5128824 | S45: =S39/S57-1 -> 1.719407
A46: AC - Consolidated | B46: =B40/B58-1 -> 0.86213237 | C46: =C40/C58-1 -> 1.0029361 | D46: =D40/D58-1 -> 3.1346366 | E46: =E40/E58-1 -> 6.9158513 | F46: =F40/F58-1 -> 4.8652506 | G46: =G40/G58-1 -> 2.4985277 | H46: =H40/H58-1 -> 1.4566711 | I46: =I40/I58-1 -> 1.5926049 | ... M46: =M40/M58-1 -> 2.6292755 | O46: =O40/O58-1 -> 1.3830877 | P46: =P40/P58-1 -> 4.1105851 | Q46: =Q40/Q58-1 -> 1.7681055 | R46: =R40/R58-1 -> 3.186347 | S46: =S40/S58-1 -> 2.3278808
A47: Top 3 Total | B47: =B41/B59-1 -> 0.52321476 | C47: =C41/C59-1 -> 0.54025587 | D47: =D41/D59-1 -> 2.1695809 | E47: =E41/E59-1 -> 6.0109734 | F47: =F41/F59-1 -> 3.7549066 | G47: =G41/G59-1 -> 1.6880798 | H47: =H41/H59-1 -> 1.0398699 | I47: =I41/I59-1 -> 1.0887623 | ... M47: =M41/M59-1 -> 2.1620252 | O47: =O41/O59-1 -> 0.8745089 | P47: =P41/P59-1 -> 3.1004937 | Q47: =Q41/Q59-1 -> 1.1998933 | R47: =R41/R59-1 -> 2.6087894 | S47: =S41/S59-1 -> 1.6871025
A49: yoy vs 2019
A50: CSA | B50: =B38/B$114-1 -> -0.21286658 | C50: =C38/C$114-1 -> -0.17459761 | D50: =D38/D$114-1 -> -0.14011085 | E50: =E38/E$114-1 -> -0.052227571 | F50: =F38/F$114-1 -> -0.043788529 | G50: =G38/G$114-1 -> -0.018383982 | H50: =H38/H$114-1 -> 0.015655781 | I50: =I38/I$114-1 -> -0.018011097 | ... M50: =M38/M$114-1 -> -0.015993345 | O50: =O38/O$114-1 -> -0.17568112 | P50: =P38/P$114-1 -> -0.038083512 | Q50: =Q38/Q$114-1 -> -0.015248739 | R50: =R38/R$114-1 -> -0.02738841 | S50: =S38/S$114-1 -> -0.062264911
A51: CEA | B51: =B39/B$115-1 -> -0.35484549 | C51: =C39/C$115-1 -> -0.25954944 | D51: =D39/D$115-1 -> -0.22725616 | E51: =E39/E$115-1 -> -0.11700161 | F51: =F39/F$115-1 -> -0.11005323 | G51: =G39/G$115-1 -> -0.064426353 | H51: =H39/H$115-1 -> -0.0018357809 | I51: =I39/I$115-1 -> -0.017891119 | ... M51: =M39/M$115-1 -> -0.050084213 | O51: =O39/O$115-1 -> -0.28073847 | P51: =P39/P$115-1 -> -0.09710576 | Q51: =Q39/Q$115-1 -> -0.025435269 | R51: =R39/R$115-1 -> -0.050710366 | S51: =S39/S$115-1 -> -0.1119033
A52: AC - Consolidated | B52: =B40/B$116-1 -> -0.14533514 | C52: =C40/C$116-1 -> -0.057892523 | D52: =D40/D$116-1 -> -0.01149971 | E52: =E40/E$116-1 -> 0.1248008 | F52: =F40/F$116-1 -> 0.11679639 | G52: =G40/G$116-1 -> 0.20201471 | H52: =H40/H$116-1 -> 0.27316141 | I52: =I40/I$116-1 -> 0.26651718 | ... M52: =M40/M$116-1 -> 0.13585502 | O52: =O40/O$116-1 -> -0.071888093 | P52: =P40/P$116-1 -> 0.14740627 | Q52: =Q40/Q$116-1 -> 0.23785438 | R52: =R40/R$116-1 -> 0.14861308 | S52: =S41/S$116-1 -> 2.3586144
A53: Top 3 Total | B53: =B41/B$117-1 -> -0.23988752 | C53: =C41/C$117-1 -> -0.16839229 | D53: =D41/D$117-1 -> -0.1310878 | E53: =E41/E$117-1 -> -0.021666188 | F53: =F41/F$117-1 -> -0.019176991 | G53: =G41/G$117-1 -> 0.029419243 | H53: =H41/H$117-1 -> 0.083248982 | I53: =I41/I$117-1 -> 0.063011657 | ... M53: =M41/M$117-1 -> 0.017375658 | O53: =O41/O$117-1 -> -0.17979259 | P53: =P41/P$117-1 -> -0.0038653162 | Q53: =Q41/Q$117-1 -> 0.053822446 | R53: =R41/R$117-1 -> 0.01589989 | S53: =S41/S$117-1 -> -0.02659402
A55: 2022 | B55: Jan | C55: Feb | D55: Mar | E55: Apr | F55: May | G55: Jun | H55: Jul | I55: Aug | J55: Sep | K55: Oct | L55: Nov | M55: Dec | O55: Q1 | P55: Q2 | Q55: Q3 | R55: Q4 | S55: YTD
A56: CSA | B56: 6679.44 | C56: 7348.59 | D56: 4075.75 | E56: 2244.92 | F56: 3420.24 | G56: 5957.06 | H56: 8462.7 | I56: 7800.35 | J56: 5372.51 | K56: 4137.17 | L56: 2855.85 | M56: 4276.01 | O56: =SUM(B56:D56) -> 18103.78 | P56: =SUM(E56:G56) -> 11622.22 | Q56: =SUM(H56:J56) -> 21635.56 | R56: =SUM(K56:M56) -> 11269.03 | S56: =SUM(B56:M56) -> 62630.59
A57: CEA | B57: 5023.59 | C57: 5603.48 | D57: 2507.79 | E57: 868.11 | F57: 1512.37 | G57: 3160.28 | H57: 5078.55 | I57: 5818.63 | J57: 4228.56 | K57: 3036.47 | L57: 2521.76 | M57: 3168.02 | O57: =SUM(B57:D57) -> 13134.86 | P57: =SUM(E57:G57) -> 5540.76 | Q57: =SUM(H57:J57) -> 15125.74 | R57: =SUM(K57:M57) -> 8726.25 | S57: =SUM(B57:M57) -> 42527.61
A58: AC - Consolidated | B58: 4397.7 | C58: 4414.5 | D58: 2266.1 | E58: 1328.6 | F58: 1807.8 | G58: 3158.3 | H58: 5209 | I58: 5119.6 | J58: 3056.8 | K58: 2683.8 | L58: 2194.6 | M58: 2970.4 | O58: =SUM(B58:D58) -> 11078.3 | P58: =SUM(E58:G58) -> 6294.7 | Q58: =SUM(H58:J58) -> 13385.4 | R58: =SUM(K58:M58) -> 7848.8 | S58: =SUM(B58:M58) -> 38607.2
A59: Top 3 Total | B59: =SUM(B56:B58) -> 16100.73 | C59: =SUM(C56:C58) -> 17366.57 | D59: =SUM(D56:D58) -> 8849.64 | E59: =SUM(E56:E58) -> 4441.63 | F59: =SUM(F56:F58) -> 6740.41 | G59: =SUM(G56:G58) -> 12275.64 | H59: =SUM(H56:H58) -> 18750.25 | I59: =SUM(I56:I58) -> 18738.58 | ... M59: =SUM(M56:M58) -> 10414.43 | O59: =SUM(O56:O58) -> 42316.94 | P59: =SUM(P56:P58) -> 23457.68 | Q59: =SUM(Q56:Q58) -> 50146.7 | R59: =SUM(R56:R58) -> 27844.08 | S59: =SUM(S56:S58) -> 143765.4
A61: yoy vs 2021
A62: CSA | B62: =B56/B74-1 -> 0.099566886 | C62: =C56/C74-1 -> 0.46872221 | D62: =D56/D74-1 -> -0.63624153 | E62: =E56/E74-1 -> -0.81364144 | F62: =F56/F74-1 -> -0.71132392 | G62: =G56/G74-1 -> -0.29912571 | H62: =H56/H74-1 -> -0.24406499 | I62: =I56/I74-1 -> 0.6960896 | ... M62: =M56/M74-1 -> -0.30835536 | O62: =O56/O74-1 -> -0.18753554 | P62: =P56/P74-1 -> -0.64122008 | Q62: =Q56/Q74-1 -> -0.096976797 | R62: =R56/R74-1 -> -0.43141962 | S62: =S56/S74-1 -> -0.36386518
A63: CEA | B63: =B57/B75-1 -> -0.022961501 | C63: =C57/C75-1 -> 0.44258598 | D63: =D57/D75-1 -> -0.70871828 | E63: =E57/E75-1 -> -0.90679425 | F63: =F57/F75-1 -> -0.83799085 | G63: =G57/G75-1 -> -0.60615932 | H63: =H57/H75-1 -> -0.42355757 | I63: =I57/I75-1 -> 0.63537457 | ... M63: =M57/M75-1 -> -0.34192892 | O63: =O57/O75-1 -> -0.25520258 | P63: =P57/P75-1 -> -0.79227286 | Q63: =Q57/Q75-1 -> -0.1823195 | R63: =R57/R75-1 -> -0.46291902 | S63: =S57/S75-1 -> -0.46204789
A64: AC - Consolidated | B64: =B58/B76-1 -> -0.0071791399 | C64: =C58/C76-1 -> 0.25611769 | D64: =D58/D76-1 -> -0.70197404 | E64: =E58/E76-1 -> -0.84248963 | F64: =F58/F76-1 -> -0.78281032 | G64: =G58/G76-1 -> -0.49753405 | H64: =H58/H76-1 -> -0.32887549 | I64: =I58/I76-1 -> 0.59166796 | ... M64: =M58/M76-1 -> -0.30324639 | O64: =O58/O76-1 -> -0.28745916 | P64: =P58/P76-1 -> -0.72684233 | Q64: =Q58/Q76-1 -> -0.18842425 | R64: =R58/R76-1 -> -0.43265241 | S64: =S58/S76-1 -> -0.43981857
A65: Top 3 Total | B65: =B59/B77-1 -> 0.029079444 | C65: =C59/C77-1 -> 0.40029043 | D65: =D59/D77-1 -> -0.67722953 | E65: =E59/E77-1 -> -0.85092775 | F65: =F59/F77-1 -> -0.77156349 | G65: =G59/G77-1 -> -0.46181497 | H65: =H59/H77-1 -> -0.3247234 | I65: =I59/I77-1 -> 0.64756495 | ... M65: =M59/M77-1 -> -0.31751976 | O65: =O59/O77-1 -> -0.23706014 | P65: =P59/P77-1 -> -0.71431811 | Q65: =Q59/Q77-1 -> -0.14934196 | R65: =R59/R77-1 -> -0.44201739 | S65: =S59/S77-1 -> -0.41660434
A67: yoy vs 2019
A68: CSA | B68: =B56/B$114-1 -> -0.44269079 | C68: =C56/C$114-1 -> -0.39944101 | D68: =D56/D$114-1 -> -0.6647311 | E68: =E56/E$114-1 -> -0.81203835 | F68: =F56/F$114-1 -> -0.72216956 | G68: =G56/G$114-1 -> -0.50932172 | H68: =H56/H$114-1 -> -0.38368061 | I68: =I56/I$114-1 -> -0.45966362 | ... M68: =M56/M$114-1 -> -0.65193555 | O68: =O56/O$114-1 -> -0.50234358 | P68: =P56/P$114-1 -> -0.6806599 | Q68: =Q56/Q$114-1 -> -0.47021178 | R68: =R56/R$114-1 -> -0.70354355 | S68: =S56/S$114-1 -> -0.58693245
A69: CEA | B69: =B57/B$115-1 -> -0.53041696 | C69: =C57/C$115-1 -> -0.46855264 | D69: =D57/D$115-1 -> -0.76444227 | E69: =E57/E$115-1 -> -0.91760676 | F69: =F57/F$115-1 -> -0.86089094 | G69: =G57/G$115-1 -> -0.70525303 | H69: =H57/H$115-1 -> -0.55939957 | I69: =I57/I$115-1 -> -0.51121324 | ... M69: =M57/M$115-1 -> -0.70090897 | O69: =O57/O$115-1 -> -0.58809357 | P69: =P57/P$115-1 -> -0.82755193 | Q69: =Q57/Q$115-1 -> -0.5539756 | R69: =R57/R$115-1 -> -0.72976903 | S69: =S57/S$115-1 -> -0.67342266
A70: AC - Consolidated | B70: =B58/B$116-1 -> -0.54102895 | C70: =C58/C$116-1 -> -0.52963677 | D70: =D58/D$116-1 -> -0.76092209 | E70: =E58/E$116-1 -> -0.85790526 | F70: =F58/F$116-1 -> -0.80959102 | G70: =G58/G$116-1 -> -0.6564227 | H70: =H58/H$116-1 -> -0.48175342 | I70: =I58/I$116-1 -> -0.51148855 | ... M70: =M58/M$116-1 -> -0.68702982 | O70: =O58/O$116-1 -> -0.61054228 | P70: =P58/P$116-1 -> -0.77548436 | Q70: =Q58/Q$116-1 -> -0.55281533 | R70: =R58/R$116-1 -> -0.72562879 | S70: =S58/S$116-1 -> -0.66434753
A71: Top 3 Total | B71: =B59/B$117-1 -> -0.50098141 | C71: =C59/C$117-1 -> -0.4600847 | D71: =D59/D$117-1 -> -0.72585896 | E71: =E59/E$117-1 -> -0.86045678 | F71: =F59/F$117-1 -> -0.79372402 | G71: =G59/G$117-1 -> -0.6170429 | H71: =H59/H$117-1 -> -0.46896172 | I71: =I59/I$117-1 -> -0.49108061 | ... M71: =M59/M$117-1 -> -0.67825188 | O71: =O59/O$117-1 -> -0.56244144 | P71: =P59/P$117-1 -> -0.75706958 | Q71: =Q59/Q$117-1 -> -0.52096657 | R71: =R59/R$117-1 -> -0.71849288 | S71: =S59/S$117-1 -> -0.63774884
A73: 2021 | B73: Jan | C73: Feb | D73: Mar | E73: Apr | F73: May | G73: Jun | H73: Jul | I73: Aug | J73: Sep | K73: Oct | L73: Nov | M73: Dec | O73: Q1 | P73: Q2 | Q73: Q3 | R73: Q4 | S73: YTD
A74: CSA | B74: 6074.61 | C74: 5003.39 | D74: 11204.55 | E74: 12046.24 | F74: 11848.02 | G74: 8499.47 | H74: 11195.01 | I74: 4599.02 | J74: 8165 | K74: 8647.18 | L74: 4990.03 | M74: 6182.38 | O74: =SUM(B74:D74) -> 22282.55 | P74: =SUM(E74:G74) -> 32393.73 | Q74: =SUM(H74:J74) -> 23959.03 | R74: =SUM(K74:M74) -> 19819.59 | S74: =SUM(B74:M74) -> 98454.9
A75: CEA | B75: 5141.65 | C75: 3884.33 | D75: 8609.5 | E75: 9313.91 | F75: 9335.09 | G75: 8024.26 | H75: 8810.16 | I75: 3557.98 | J75: 6130.21 | K75: 7133.17 | L75: 4300.28 | M75: 4814.1 | O75: =SUM(B75:D75) -> 17635.48 | P75: =SUM(E75:G75) -> 26673.26 | Q75: =SUM(H75:J75) -> 18498.35 | R75: =SUM(K75:M75) -> 16247.55 | S75: =SUM(B75:M75) -> 79054.64
A76: AC - Consolidated | B76: 4429.5 | C76: 3514.4 | D76: 7603.7 | E76: 8435 | F76: 8323.6 | G76: 6285.6 | H76: 7761.6 | I76: 3216.5 | J76: 5515 | K76: 6488 | L76: 3083 | M76: 4263.2 | O76: =SUM(B76:D76) -> 15547.6 | P76: =SUM(E76:G76) -> 23044.2 | Q76: =SUM(H76:J76) -> 16493.1 | R76: =SUM(K76:M76) -> 13834.2 | S76: =SUM(B76:M76) -> 68919.1
A77: Top 3 Total | B77: =SUM(B74:B76) -> 15645.76 | C77: =SUM(C74:C76) -> 12402.12 | D77: =SUM(D74:D76) -> 27417.75 | E77: =SUM(E74:E76) -> 29795.15 | F77: =SUM(F74:F76) -> 29506.71 | G77: =SUM(G74:G76) -> 22809.33 | H77: =SUM(H74:H76) -> 27766.77 | I77: =SUM(I74:I76) -> 11373.5 | ... M77: =SUM(M74:M76) -> 15259.68 | O77: =SUM(O74:O76) -> 55465.63 | P77: =SUM(P74:P76) -> 82111.19 | Q77: =SUM(Q74:Q76) -> 58950.48 | R77: =SUM(R74:R76) -> 49901.34 | S77: =SUM(S74:S76) -> 246428.64
A78: Hainan
A79: Top 4 Total
A81: yoy vs 2020
A82: CSA | B82: =B74/B98-1 -> -0.4686566 | C82: =C74/C98-1 -> 2.0159981 | D82: =D74/D98-1 -> 1.9843386 | E82: =E74/E98-1 -> 2.1139868 | F82: =F74/F98-1 -> 1.0179998 | G82: =G74/G98-1 -> 0.19063208 | H82: =H74/H98-1 -> 0.23867792 | I82: =I74/I98-1 -> -0.55480545 | ... M82: =M74/M98-1 -> -0.38314745 | O82: =O74/O98-1 -> 0.32272445 | P82: =P74/P98-1 -> 0.91926222 | Q82: =Q74/Q98-1 -> -0.21584149 | R82: =R74/R98-1 -> -0.39156138 | S82: =S74/S98-1 -> 0.016544851
A83: CEA | B83: =B75/B99-1 -> -0.49253756 | C83: =C75/C99-1 -> 1.9388671 | D83: =D75/D99-1 -> 2.8055393 | E83: =E75/E99-1 -> 2.497591 | F83: =F75/F99-1 -> 1.2409738 | G83: =G75/G99-1 -> 0.54149649 | H83: =H75/H99-1 -> 0.21714359 | I83: =I75/I99-1 -> -0.58377047 | ... M83: =M75/M99-1 -> -0.32043782 | O83: =O75/O99-1 -> 0.28574564 | P83: =P75/P99-1 -> 1.216475 | Q83: =Q75/Q99-1 -> -0.25318515 | R83: =R75/R99-1 -> -0.3227758 | S83: =S75/S99-1 -> 0.060975323
A84: AC - Consolidated | B84: =B76/B100-1 -> -0.51794576 | C84: =C76/C100-1 -> 1.1956766 | D84: =D76/D100-1 -> 1.6002667 | E84: =E76/E100-1 -> 2.1651032 | F84: =F76/F100-1 -> 1.0450101 | G84: =G76/G100-1 -> 0.41027597 | H84: =H76/H100-1 -> 0.32954195 | I84: =I76/I100-1 -> -0.56038324 | ... M84: =M76/M100-1 -> -0.372117 | O84: =O76/O100-1 -> 0.13373585 | P84: =P76/P100-1 -> 1.0589518 | Q84: =Q76/Q100-1 -> -0.21380563 | R84: =R76/R100-1 -> -0.39343371 | S84: =S76/S100-1 -> 0.0033119042
A85: Top 3 Total | B85: =B77/B101-1 -> -0.49125154 | C85: =C77/C101-1 -> 1.7071417 | D85: =D77/D101-1 -> 2.066516 | E85: =E77/E101-1 -> 2.2398781 | F85: =F77/F101-1 -> 1.0916346 | G85: =G77/G101-1 -> 0.35760771 | H85: =H77/H101-1 -> 0.25561611 | I85: =I77/I101-1 -> -0.56581541 | ... M85: =M77/M101-1 -> -0.36142294 | O85: =O77/O101-1 -> 0.25273299 | P85: =P77/P101-1 -> 1.0474303 | Q85: =Q77/Q101-1 -> -0.22740452 | R85: =R77/R101-1 -> -0.37130824 | S85: =S77/S101-1 -> 0.026549124
A86: Hainan
A87: Top 4 Total
A89: yoy vs 2019
A90: CSA | B90: =B74/B114-1 -> -0.4931557 | C90: =C74/C114-1 -> -0.59110103 | D90: =D74/D114-1 -> -0.078320032 | E90: =E74/E114-1 -> 0.0086021685 | F90: =F74/F114-1 -> -0.037570275 | G90: =G74/G114-1 -> -0.29990544 | H90: =H74/H114-1 -> -0.18469263 | I90: =I74/I114-1 -> -0.68142227 | ... M90: =M74/M114-1 -> -0.49675827 | O90: =O74/O114-1 -> -0.387473 | P90: =P74/P114-1 -> -0.10992763 | Q90: =Q74/Q114-1 -> -0.41331716 | R90: =R74/R114-1 -> -0.47860239 | S90: =S74/S114-1 -> -0.35066037
A91: CEA | B91: =B75/B115-1 -> -0.51938123 | C91: =C75/C115-1 -> -0.63160091 | D91: =D75/D115-1 -> -0.19130618 | E91: =E75/E115-1 -> -0.11600694 | F91: =F75/F115-1 -> -0.14135063 | G91: =G75/G115-1 -> -0.25160861 | H91: =H75/H115-1 -> -0.23565579 | I91: =I75/I115-1 -> -0.70111633 | ... M91: =M75/M115-1 -> -0.54550347 | O91: =O75/O115-1 -> -0.44695507 | P91: =P75/P115-1 -> -0.16983369 | Q91: =Q75/Q115-1 -> -0.45452484 | R91: =R75/R115-1 -> -0.49685245 | S91: =S75/S115-1 -> -0.39292488
A92: AC - Consolidated | B92: =B76/B116-1 -> -0.5377101 | C92: =C76/C116-1 -> -0.62554207 | D92: =D76/D116-1 -> -0.19779501 | E92: =E76/E116-1 -> -0.097870611 | F92: =F76/F116-1 -> -0.12330556 | G92: =G76/G116-1 -> -0.31621775 | H92: =H76/H116-1 -> -0.2277937 | I92: =I76/I116-1 -> -0.69308206 | ... M92: =M76/M116-1 -> -0.55081656 | O92: =O76/O116-1 -> -0.45342401 | P92: =P76/P116-1 -> -0.1780731 | Q92: =Q76/Q116-1 -> -0.44899207 | R92: =R76/R116-1 -> -0.51639662 | S92: =S76/S116-1 -> -0.40081472
A93: Top 3 Total | B93: =B77/B117-1 -> -0.51508254 | C93: =C77/C117-1 -> -0.6144262 | D93: =D77/D117-1 -> -0.15066258 | E93: =E77/E117-1 -> -0.063922214 | F93: =F77/F117-1 -> -0.097009609 | G93: =G77/G117-1 -> -0.28842856 | H93: =H77/H117-1 -> -0.21359887 | I93: =I77/I117-1 -> -0.69110815 | ... M93: =M77/M117-1 -> -0.52856053 | O93: =O77/O117-1 -> -0.42648355 | P93: =P77/P117-1 -> -0.1496471 | Q93: =Q77/Q117-1 -> -0.43686722 | R93: =R77/R117-1 -> -0.49549124 | S93: =S77/S117-1 -> -0.37906436
A94: Hainan
A95: Top 4 Total
A97: 2020 | B97: Jan | C97: Feb | D97: Mar | E97: Apr | F97: May | G97: Jun | H97: Jul | I97: Aug | J97: Sep | K97: Oct | L97: Nov | M97: Dec | O97: Q1 | P97: Q2 | Q97: Q3 | R97: Q4 | S97: YTD
A98: CSA | B98: 11432.55 | C98: 1658.95 | D98: 3754.45 | E98: 3868.43 | F98: 5871.17 | G98: 7138.62 | H98: 9037.87 | I98: 10330.36 | J98: 11185.58 | K98: 11879.07 | L98: 10672.98 | M98: 10022.46 | O98: =SUM(B98:D98) -> 16845.95 | P98: =SUM(E98:G98) -> 16878.22 | Q98: =SUM(H98:J98) -> 30553.81 | R98: =SUM(K98:M98) -> 32574.51 | S98: =SUM(O98:R98) -> 96852.49
A99: CEA | B99: 10132.08 | C99: 1321.71 | D99: 2262.36 | E99: 2662.95 | F99: 4165.64 | G99: 5205.5 | H99: 7238.39 | I99: 8548.12 | J99: 8983.15 | K99: 9161.94 | L99: 7745.33 | M99: 7084.12 | O99: =SUM(B99:D99) -> 13716.15 | P99: =SUM(E99:G99) -> 12034.09 | Q99: =SUM(H99:J99) -> 24769.66 | R99: =SUM(K99:M99) -> 23991.39 | S99: =SUM(O99:R99) -> 74511.29
A100: AC - Consolidated | B100: 9188.8 | C100: 1600.6 | D100: 2924.2 | E100: 2665 | F100: 4070.2 | G100: 4457 | H100: 5837.8 | I100: 7316.6 | J100: 7824 | K100: 8463.4 | L100: 7554.2 | M100: 6789.8 | O100: =SUM(B100:D100) -> 13713.6 | P100: =SUM(E100:G100) -> 11192.2 | Q100: =SUM(H100:J100) -> 20978.4 | R100: =SUM(K100:M100) -> 22807.4 | S100: =SUM(O100:R100) -> 68691.6
